avg_residual,convex_hull_volume,distance_from_center_of_field_to_target,distance_from_centroid_of_sensors_to_vn_maximized,distance_to_approximate_line,error
0.26438845859151794,50.0,9.759301928266687,0.0,2.981423969999721,0.9351451119147753
0.16668362569452447,49.999999999999986,8.65379865993711,0.0,2.981423969999721,0.6373663285170982
0.3241542258973695,50.0,7.830438545421446,0.0,2.9814239699997205,0.5577911002477819
0.07043464271184978,16.083281796304533,11.524002448039624,0.0,2.547012746630643,0.4785850468419455
0.019889488614108827,92.31190135137052,13.62325224760079,0.0,3.369844233890162,0.9129433311154146
1.0928922008275437,12.612262998969538,17.363999138963145,0.0,0.555211471551733,0.8050091934035962
0.280082420531998,84.36034068153462,13.817224395275442,0.0,3.5535881254198776,0.8538747549885107
0.21252201917584385,119.37753077894126,14.925907261962978,0.0,6.641522959392697,0.9252900791601976
0.23062232481352016,275.88545474050494,12.883590090798812,0.0,4.844522555331897,0.48047465990747285
0.2576069803971083,125.48713039242611,12.441592589466124,0.0,4.188277041069641,0.45674092518623904
0.22412740097505948,250.2094896918327,5.335447507581209,0.0,5.162658154717965,0.5989860293847566
0.1191916921118175,126.95206680157906,13.11679247854614,0.0,5.3024424951657245,0.549831157100106
0.1837670141013602,313.46257767888034,4.186261820559133,0.0,4.16101949538207,0.16447683103265934
0.8420009984178083,185.30233842010935,7.020626729687327,0.0,5.8851170099804895,0.2941246936220307
0.4234161900807375,141.91832458831774,9.74019540311052,0.0,3.3210119011907997,0.3265721335623629
0.363483186229106,35.47059115310495,15.834415238786372,0.0,0.9961116444093499,0.6238473171506539
0.062484181956250294,29.2866579192727,19.128538313783928,0.0,3.1689688931320448,0.9335892989330166
0.28283570378276673,282.815066776521,13.657499247387898,0.0,5.813103383332886,0.7346401172394507
0.4255647480669329,230.1244830088698,14.673124439207534,0.0,4.897674881220881,0.1341206928643768
0.07252179153005349,98.94844510715896,15.332940769158162,0.0,3.2454478518330108,1.1531806576751624
0.0038353112307956227,50.0,3.95471807078888,0.0,2.9814239699997205,0.3817162307930078
0.26982130341616656,100.0,1.7065890300031934,0.0,4.563283887405474,0.5664806064322898
0.020993206110092123,49.999999999999986,15.450995635713802,0.0,2.307302390678576,1.1375808477703726
0.9809648613085804,51.11718851498918,11.490039656608833,0.0,3.020765231256836,0.4001165794984591
0.5553282667464415,18.433615056896883,17.269446240213092,0.0,1.6107606534746115,1.5876747174216188
0.4773589944965378,50.0,12.733933824533347,0.0,2.9814239699997205,0.6730936571964562
0.3438549520095601,135.79779068981713,6.0109914544693686,0.0,5.012620559560688,0.38413005933764266
0.05926205970576015,17.46272265286286,15.606817756693694,0.0,1.3667560869086177,1.5881700149652378
0.026386000974760387,51.41403297279588,10.759106327454555,0.0,2.5865483113573653,0.9775479780920578
0.8211396599149373,227.8260304211079,9.53705362481238,0.0,4.721707697905676,0.8166783277555978
0.18424507085923955,157.2106949985883,17.47806025085118,0.0,4.743588825494602,0.6642488238876145
0.2521181648394125,91.58671123225494,14.42142652450833,0.0,2.390251548740375,1.734529043222365
0.5640848071590973,256.8941265461199,6.781826780751316,0.0,5.410002011390333,0.5666350066524414
0.6364568897263359,181.76797916499373,14.88538027040307,0.0,4.551615321747308,1.4966169485481362
0.04872084342218889,327.7895391784956,10.148870984420583,0.0,7.460389363237524,0.962642383179292
0.31579287992424715,249.75291849853204,11.97633332862108,0.0,6.209435789838601,0.5348851372545312
0.38100380178008364,278.65244164998006,14.263505143235912,0.0,5.37214738366186,0.9200179781815615
0.6011612153535499,246.69800847337177,7.990002529392851,0.0,4.902132013775938,0.3998362825411738
0.3000952696816656,221.4974456839412,9.099916411624106,0.0,3.6497098579880145,0.49526981179551555
0.4095013521777514,129.81196208242307,15.928396001738621,0.0,5.717646726320506,1.715880671726586
0.02163294761663885,100.0,7.281668657612905,0.0,5.0,0.08406961746471803
0.029017260684127587,109.6870377651791,5.068409231285512,0.0,4.238963210334971,0.24589002945092495
0.44183619212795167,59.68703776517907,10.237671270229734,0.0,2.4589564176049925,0.47189172756876424
0.1983319632088067,49.21348736689266,15.242446821028649,0.0,2.464495892051124,0.5206719325473311
0.03482202016013772,97.22792618222859,13.1421163471306,0.0,3.7316205650365384,0.4590147793550587
0.10710687982017622,173.47132534854526,4.022616031855872,0.0,4.985504270288719,0.6200858063246226
0.34604757458615865,190.86905099867874,16.28585565022319,0.0,4.526708270192006,0.6877467969763628
0.19234025718229114,183.26361288898764,13.278066059947104,0.0,4.525613927013601,0.6583138262844309
0.4072604958535086,117.23234961633952,15.035667400508244,0.0,3.649233948271557,0.8787125490523214
0.7104754779169095,34.464395496524546,14.364513981429896,0.0,1.3997697636109971,0.8888057336040238
0.24309298266500773,290.5759415515514,6.39414264861728,0.0,4.526727674734131,0.6206030732202533
0.30623579741129253,183.98462480203023,10.159547260035326,0.0,4.291941341400372,0.2629434025627353
0.26739710579439274,257.76651223530814,5.165340979888011,0.0,4.521493340101893,0.40560440886252114
0.4608556955842991,49.304010743424726,9.250114264811783,0.0,1.5068062973567973,0.4834217832251488
0.2614973096124512,75.91118048511481,14.72776180962824,0.0,3.054749624228562,0.8304442000397988
0.29175065269389105,161.3178083861529,19.469686819500495,0.0,3.2195408963183403,0.537942197213199
0.3577197717772248,242.88831970153453,16.654772461223025,0.0,4.7225051293520615,0.8982391254979124
0.5387087633403582,265.51734232741705,19.377993337217546,0.0,4.5369932046895025,0.39517615543977036
0.2810093745183101,209.9175358405357,11.751500624067354,0.0,4.459981992686376,0.46056715259505415
0.4113049261857317,279.3883855637328,14.794826700600641,0.0,5.003159295182221,0.7909360915787665
0.3726581436408896,50.0,10.746547766233014,0.0,2.981423969999721,0.37518869169509633
0.11749968770597226,50.000000000000014,11.894791647080343,0.0,2.981423969999721,0.19556000377466115
0.10024812983164649,31.324471213280177,13.134280447481908,0.0,1.4485611446126907,0.5171651792398892
0.3019195544996844,164.58752912274872,8.42883143984325,0.0,4.807404973289146,0.09331319449993614
0.2512570445254577,10.355715361819865,4.359107058158268,0.0,0.9148972239893306,5.483508881184975
7.441482760203613,71.91966231702654,10.20044534346982,0.0,2.928999560476961,2.548175487324537
2.515224141938218,149.16442278469538,4.883020704637754,0.0,3.1468086837521416,1.2342047848449613
0.2834041596233858,135.3273638025636,6.711516745848829,0.0,4.836147118043359,0.8684112422391026
0.5020514243570958,35.64060298174766,19.07334538900856,0.0,2.5414341166034418,1.0071959542535098
1.380073799252897,109.34834721007996,10.755181794063834,0.0,2.7272693315860086,1.2081468099211483
0.2796784441757448,157.52484499587453,9.726125395661484,0.0,3.7425711451074926,0.07275147636090838
2.5185834591753338,19.33917815639848,12.73662829167173,0.0,1.0908999944730535,10.007506113295783
0.24633459214915288,81.82947719132594,16.151868974764366,0.0,2.650936075919211,1.1222880960890855
0.5552641238249802,177.08077020686738,16.75611459311199,0.0,3.3196971570058147,0.2809110272431544
0.18653522374267958,208.79635096981008,11.949338238633672,0.0,3.5840744897826253,0.8649289738233155
2.064906343191373,286.21707378347855,3.826876903123437,0.0,4.188566244637382,1.2564591590426475
1.3667551132078575,225.9888257910399,5.162748390818479,0.0,3.847352817186173,0.3852526516900894
1.12519593485205,361.4849912764519,14.070952532942613,0.0,6.226370884962959,0.634104983930213
0.9946217359300993,113.84043334782996,13.924865240289998,0.0,2.883361503554336,1.0431823277890977
0.3632953776647625,253.03104082235083,15.46013690718345,0.0,4.606584212102742,0.29343719506779237
0.2090960095151812,100.0,9.002349761936603,0.0,5.0,0.7612006417582284
0.028511394916968115,100.0,5.351744772096526,0.0,5.0,1.356893248672099
0.3668350739197887,51.59964204694603,14.98998409683346,0.0,4.5514890101980265,0.7325727562864829
0.0050132561142347655,1.5996420469460342,14.746586259168524,0.0,0.14154915918201552,0.5918365447893722
0.8634302262987524,131.04461343133838,9.101575607422287,0.0,3.4076014063912248,0.9692471578797943
0.8494190843310744,202.052247899243,8.293378706108866,0.0,6.977840997289529,0.6195217133768941
0.45645107155322473,40.686618494070224,12.72299281695799,0.0,3.1197911802059615,0.8285490782651301
0.3860924835083978,153.04997856593326,10.568190762744075,0.0,3.9440388669357946,0.32790456626957226
0.15748903505653114,162.64086785929146,12.667342066425501,0.0,5.645461885615561,0.2212322963347461
0.5844379701794126,171.80237925368866,10.246588047470144,0.0,7.341798864682192,0.20533934480460656
0.7407065147234277,159.09196905658365,12.31416779714389,0.0,2.968387387647836,0.2841738221334991
0.01871750684498217,76.4285175097772,10.622531326789884,0.0,2.487361372962025,0.36231685366542804
0.35703844153012465,147.4282570415782,13.066133326428597,0.0,3.6051653997292177,0.7185300349838927
1.0838356781555363,189.31103417562704,11.730074245693578,0.0,3.1346173802145447,0.707586148076976
0.1076759250947884,196.97075045357727,14.727448773378207,0.0,6.098697292202251,0.3945303881646212
0.6918584935404577,410.8758052674582,2.8800693889501545,0.0,5.790031023616692,0.28383226536277995
0.3136541989834129,318.5738317607804,10.623859646101879,0.0,5.174009471171615,0.1667752344212248
0.573999205103456,259.93272812276473,12.581670159056248,0.0,5.280343742997445,0.6019878684553666
0.3667629146329769,338.5762974184932,9.951783626753295,0.0,5.399839073059356,0.4387968007453128
0.6994722218820905,257.33560598356434,13.67717643294928,0.0,4.960571452545417,0.6213255713844565
0.320831824493025,50.0,2.66315719768298,0.0,2.981423969999721,0.4247609000190912
0.12936706916753624,50.0,9.92901721713993,0.0,2.3230051178282745,0.4454245944510685
0.1918554297679686,100.0,10.19622732862203,0.0,5.0,1.0208287436792072
0.055857805339781366,60.65881177702517,6.832908711795855,0.0,1.9941794930585093,0.2517926799466828
0.00043913300851704446,13.678314427862164,14.194441129814518,0.0,1.1250810209155035,0.9059338312187492
0.21424027436767573,22.635706718873045,13.473355766666906,0.0,1.2652125246630255,0.1837791978821651
0.13291642661169048,180.47549066835273,13.8585973247455,0.0,4.0474443124838855,0.2408999035966772
0.16464408502743827,56.19654255828183,13.324051723580034,0.0,3.1304380982485616,0.6149641144426742
0.2393425944437348,211.22711054443903,13.496807512838018,0.0,5.005558910244938,0.2877929297148233
0.05552067663011242,20.18362391550385,17.246379875408454,0.0,1.4774531817946024,0.8941948062021435
0.0008210497234227633,1.385813632697862,14.148888047303588,0.0,0.07873347860808345,0.9668125783857586
0.11758407529612144,82.08733607207262,15.760525711731631,0.0,4.586743161768089,0.846709788352696
0.1116050962989144,286.3259498561539,8.026485717788766,0.0,5.752217818473662,0.424396821529296
0.22198348094448117,109.93951096724362,15.313512192784604,0.0,3.287875496575148,0.029060327130783332
0.3531802090796632,322.0730193058208,12.864173154228155,0.0,4.3746672684119865,1.0377821803068392
0.5770572336508518,196.2639336825325,14.977370033222074,0.0,3.61671846378299,0.7436831598466277
0.677824592095943,250.35947064796085,8.873093954421421,0.0,4.413678878633203,0.23761747335773886
0.23386739709459828,112.3353283610186,17.612011827407745,0.0,2.433142857261905,0.5337885654045166
0.1803224791414039,160.3132892474689,15.06770106725375,0.0,4.505650336002121,0.3826669028909209
0.11447544709452882,356.47069795903906,14.367508939913327,0.0,5.753478733670463,0.684749345188325
0.0186566509324476,49.999999999999986,6.657177363995216,0.0,2.981423969999721,0.36763019270686714
0.839866447118617,68.89870513622229,6.7811194391745735,0.0,3.077724977360402,0.18005234333719067
0.225047274508377,106.00590300503542,4.481880469972136,0.0,4.278268093486121,0.7747013585630729
0.2564634318285237,48.11260022439467,6.585302696642723,0.0,2.176036181313211,0.3486585242337979
0.01860109117475521,3.0214638969385774,3.719158975214943,0.0,0.23157446850414773,15.632035266410945
0.0007826587623115432,34.27778932217409,14.861918746128312,0.0,2.0937500827101663,0.5457170828580586
0.031382181388937704,1.6250724509747885,14.437265002537748,0.0,0.3481077146556249,0.8258473767209368
0.16104067150269752,164.35444238987665,5.5158855637116435,0.0,3.4373831553434666,0.30126597161488083
0.15658246416928454,21.126152861667027,14.428870019214616,0.0,1.8877968664845868,0.6909052912984323
0.28587563443727604,68.64546159392955,7.147276392148614,0.0,2.235024524418244,0.47731787512251905
0.5871722607727804,54.44719477637812,12.621444363118234,0.0,2.0553065751476782,0.942571505009116
0.032321995110321626,91.53304422189166,12.593170377922954,0.0,5.155451864936666,0.8696835579217674
0.21054662214395695,221.1576360542637,5.408856821438825,0.0,4.67943454403843,0.39186595616830877
0.3774333764761314,90.96606267988899,11.976079002116178,0.0,3.0443101292960604,0.2033540833954794
0.2893253431414532,212.47080812062552,3.547108982947843,0.0,4.024030180325328,0.13613586165124808
0.16273011601462317,193.15972371253713,4.688125951926037,0.0,5.367519390988947,0.3957079393656273
0.43681306627757077,240.78860521877388,7.66705822919057,0.0,6.280470381658349,0.4609312758319082
0.22503328647808715,185.58868465376165,2.676270923908472,0.0,3.8637630320320926,0.44072716345204643
0.5233922592246794,219.10545035905432,9.410967755347162,0.0,4.307149867407754,0.6982134365397631
0.15437639300941264,108.92376027098311,17.012127233890432,0.0,3.1114151078412786,1.344563484625964
0.12085374144788734,50.0,16.445142213614556,0.0,2.9814239699997205,0.8624758672055058
0.15195865143437878,164.92453463134393,5.2489855981567874,0.0,4.270498099009034,0.37884279144409333
0.17690298697969517,50.0,7.313391474471462,0.0,2.981423969999721,2.100273580258153
0.3418897410817492,26.22647685057464,5.0212003061003205,0.0,1.6058004205206042,1.510840834809953
0.05327776598767887,36.95946423355028,14.38873286192436,0.0,1.7567203883472562,1.844578756168726
0.28439396486503926,87.77286006433194,2.790267084873567,0.0,3.1362061521913907,0.5529370308204127
0.6966255405599594,91.01915849495037,14.806325579453274,0.0,3.9027321953192393,1.3162088542431656
0.058356079097113545,138.49543140277635,14.223625200072128,0.0,3.4929297040496143,0.6766017939836778
0.3657230574169021,96.40016997421424,10.753118604801267,0.0,4.280951230629975,0.725124805774677
0.3803047122274694,60.280425826234534,15.028889623198882,0.0,3.7733569522089176,0.1840903072081436
0.5577496886386024,236.8054433482122,14.347155572971651,0.0,4.768033634728599,0.6369113389560734
1.703214701940987,47.53214551902643,11.308201905269046,0.0,2.4928015489587207,1.169300418697763
0.8644511897155485,200.97507264057862,4.253651231297865,0.0,3.726508569583582,0.7383622643716926
1.0419305882853551,62.381987604980566,13.313736725250955,0.0,2.277001001617106,1.001248889549665
0.38938918090128494,284.6775118906522,8.364470796714867,0.0,4.495851941814025,0.1860496642839084
0.6164724618332982,172.85571656592663,13.155449727867088,0.0,4.265725841392893,1.1244293122670461
0.7425017658004522,226.01411422295743,12.553290670859537,0.0,4.722332027639763,1.2002798426196337
0.09779954002398675,77.0316477989181,13.939023197670647,0.0,3.2688016278041214,0.6821584460691451
0.4497249358825798,119.25913099866634,13.401210758133326,0.0,3.248822602330423,0.5695680048312096
0.0018265502158101557,20.375509593975316,19.015815441114313,0.0,1.2168414646842256,1.4682302375011886
0.04117050603208511,50.000000000000014,9.701891410510514,0.0,2.981423969999721,0.22918731124864913
0.008880946305435521,73.38020228968918,5.423399643306569,0.0,3.8895502165208025,0.20498884427860373
0.1656332041811651,64.06876051974172,8.872496758318121,0.0,5.500873906605345,0.2573566716943757
0.12176567171015175,49.999999999999986,9.197394133711128,0.0,2.769383160808779,0.49056748113513016
0.017711997935035424,38.133061937882786,13.02189279976103,0.0,1.3444759362753695,0.8366899137671121
0.1623245095410209,153.63050335622611,3.3465646017557815,0.0,5.568012720717396,0.6401057026828978
0.0032887399601172628,34.61501216470267,17.04361645138245,0.0,3.2774828376408114,1.7239751359718216
0.11750020751782775,28.913062710785514,15.42218664851665,0.0,1.3696099061814238,0.5447276881589227
0.20398351251534044,56.61611598206781,12.767126405117684,0.0,2.641617243171486,0.23607021331462583
3.551428120467047,56.69544640414727,3.213399523643564,0.0,4.921957761272522,15.476601914167023
0.3846831648766127,169.59491851002915,5.32134911899134,0.0,5.942662443399244,0.1105811821703302
0.19018185918872343,105.63214474928265,14.604818316857592,0.0,3.2820092506592498,0.7523122756719016
0.28499163780336884,138.19240713290998,11.100125261170708,0.0,3.958037855319689,1.1118398151080613
7.047178487851137,357.80480393867856,16.536919997392292,0.0,6.757889458621625,2.3053938293883207
0.04161557426682594,160.82644102411268,6.16217800322267,0.0,3.744183743300547,0.604853372337357
0.430776500937954,16.33496685891418,13.95616676528486,0.0,1.5341547916947398,0.5439208649955731
0.5163353320400166,233.44511135046906,13.23197171057386,0.0,4.0126096452146545,0.8406994592683787
13.284231418809252,92.63853058308649,12.137201331981633,0.0,2.9578935959261208,6.152318170108176
0.010183293480715899,91.3683729148715,18.93109908242943,0.0,7.763241302949471,1.3531279338211408
0.3891818433146485,148.8357353439436,17.772309009240598,0.0,3.389177644406561,0.8841472076955624
0.25707372044191146,100.0,4.6619373633860315,0.0,5.0,0.4456620698089638
0.0858157221201976,100.0,8.386693323778431,0.0,5.0,0.7530236163485357
0.15191404173264872,78.08212527625157,9.139609685230068,0.0,3.41356634677075,0.8255802332140241
0.1481490382538952,50.0,2.768582272936268,0.0,2.381505499137304,1.1288692587976359
1.071249023326086,2.1304552616732755,5.080044711033444,0.0,1.4241750467909418,2.120894490493342
0.6120494945257297,99.14692644798737,8.967199842765128,0.0,2.7143730570315103,0.07593124566456558
0.1937948925460526,132.65531915076073,11.41611932173006,0.0,4.0739890072057285,0.4639349358837296
0.17150291047159227,65.37942408002223,18.550530371408247,0.0,3.296009193704521,1.364893667802317
0.31358889564864784,132.20500985332518,7.698981552146938,0.0,4.398984786407371,0.2667308653239829
0.16838174769191577,38.44222642808516,14.045685196018512,0.0,2.7391079656716992,0.32316743410887416
1.3354276176394693,166.57485425966289,12.502566315116434,0.0,3.3972844578113888,0.2714486184603212
0.08418008362059755,175.59250255340402,4.327058466062614,0.0,4.8850152260309265,0.4664973365454762
0.8780111234687699,91.8176267473153,15.10901791725074,0.0,2.997869796774013,0.6692477055178019
1.2538162389104812,164.71349137831524,1.5049617430696987,0.0,4.5167005842454895,0.16487633307313077
0.40528987525442567,174.54907144224728,7.993973172990871,0.0,4.747253960962582,0.5194975817985926
0.4991086089269817,70.1641753428246,12.662475174355478,0.0,4.736833593327302,2.1847025503483755
0.21681899458540196,141.54355908435326,14.859583716376548,0.0,4.310277370891782,2.265175699968937
0.2568247428223268,140.3203429305743,14.41903133127716,0.0,2.099287404644727,0.53939028801236
0.6782262355270088,195.8529566675233,7.203566970453451,0.0,4.962516908472953,0.2202532926424754
4.405266270835348,109.68212483505832,11.878915107798631,0.0,4.500664621507882,3.4744518360882606
0.0008741585844183416,49.999999999999986,14.304965462757401,0.0,2.981423969999721,0.9031800319570057
0.062202699506126446,50.0,5.140047439762475,0.0,2.981423969999721,0.36102069616217447
0.07008653425993523,1.721218156092624,14.74688627540507,0.0,0.08644791516030813,0.6157791422528321
0.13675442483645336,32.70042380790664,11.441497471280634,0.0,1.8786056811070055,1.8401224555870972
0.45762211636021155,84.49978467313127,11.37899157886525,0.0,2.336444762122375,0.47773642526412685
1.8433981557758965,29.865663546918455,1.5675551760356672,0.0,1.1026707285302266,9.735853103953472
0.15023787702292282,34.49978467313127,12.370772607929027,0.0,1.9417578880863597,0.6706516246029387
0.8301925655275796,147.44479634147496,8.917801807341416,0.0,5.7542596650472975,0.37073011840140874
0.3328934598902379,135.32898618284696,9.102001071362016,0.0,2.245319819226431,0.9356438573471783
5.902741990926295,210.3397645987047,6.550487580851734,0.0,4.814485374557425,1.29018125299594
0.4476178145498778,185.66203252975882,4.010174591099275,0.0,4.794970439759267,0.8000773923332267
0.6850978581939211,49.98711937372059,1.5576957230937427,0.0,3.879305643533329,0.581533013811431
0.050827547533817,28.264280351148415,13.96950346073922,0.0,1.7626806273244966,10.267514146870779
0.3105646162411922,30.392918268768838,20.355124167097067,0.0,2.6330934714109704,0.8656547215450892
11.640748769109782,31.739338012272743,16.99731788418641,0.0,1.1092049263997656,6.893787570737993
0.21613929336758264,178.78186121254566,16.489829286744513,0.0,3.3386896637883012,1.0000123915511352
8.786683911601003,136.96469016779847,11.004982821484862,0.0,3.4864591891011947,3.215845558401593
1.2855882347527487,179.00369755063227,9.823642439491259,0.0,3.1920946743492595,1.5712471906118268
1.5855020802687187,119.3001699020223,15.015056056074132,0.0,2.510966183261911,0.2930834102717819
3.2609979176126336,175.3238236848801,17.765226796153296,0.0,2.7064017094937443,1.1821483058414834
0.042159306549327154,50.0,6.59253776237829,0.0,2.9814239699997205,0.7834505487164104
0.34227911470270644,57.76644148599605,5.6582573479836125,0.0,2.5263706324707704,0.5574379230068989
0.7927615556080131,49.999999999999986,8.663387390419537,0.0,2.981423969999721,1.8765474935943052
0.6151981802580916,89.76964756935405,7.356399702067669,0.0,3.1156070800020452,0.6369650727129188
0.12492029014852027,25.333641143061644,7.344639335975262,0.0,1.0500969849185664,1.9081343352836335
0.49892203366482074,120.8294172021598,9.351380014635593,0.0,3.8717423121097156,0.739956990011966
0.08215325633359555,47.56079492084631,9.714754316090172,0.0,1.3533407823020545,0.35313794384483743
1.1072865502479887,70.51918586466539,11.727697666577344,0.0,3.857628602636172,0.7924737439007064
0.3688294064232714,110.60017085220558,10.503534875004865,0.0,3.3136523089496457,0.20319046282839118
0.38329913009274036,78.71829101472099,11.06812128527359,0.0,2.1830779844066672,0.7175907721937227
0.68866885912255,98.76581163871568,17.37923627939631,0.0,5.222353142937818,1.914462795126167
0.10373136835984105,8.275927317380928,13.673763124152988,0.0,0.23371435656410905,0.34501328650862473
0.10474735936736886,155.03907083850365,15.950648756218383,0.0,4.536249802507644,1.2307778111368881
0.36229481868950797,175.74166622579259,1.39599529198549,0.0,5.210770057212228,0.3325277789885082
0.20498658289608845,149.50886801288715,6.4247513503756,0.0,2.780637191364879,0.7321360968070231
0.30507580531501577,223.23553714214083,10.321789167502914,0.0,4.6860899286684194,0.872945290476618
5.127038238823203,30.07536641429092,16.161341935273068,0.0,1.210489460033515,4.8832856759768415
1.8222535280017127,197.26784579904643,13.850570363534786,0.0,3.2694116782797957,1.2028564720388797
1.1559923319681977,120.43412688841462,17.178431491235205,0.0,3.253850030928988,0.5442728992330395
0.020277879793899504,43.317727154603034,16.657371572201036,0.0,1.6579886947668172,1.0797569831168592
0.000488261774450524,50.0,14.664602188895659,0.0,2.9814239699997205,0.6943276207691621
0.0875811459923163,33.720719332049484,9.841724333057906,0.0,2.0302250685836283,0.992786607212606
8.403099994455018e-05,18.910602991655125,13.556587367350243,0.0,0.9705117221693765,0.7367425463602324
0.13063809428611786,16.499300187775244,16.799498611092744,0.0,0.7858501875231974,1.867458018687497
0.36461525731547184,220.11765049846295,5.405182513399658,0.0,6.528833989231401,0.25866782747704736
0.16143798252035915,119.82288900211911,13.84014550026238,0.0,4.400096317633872,0.2562255678895356
0.002657350122840575,5.477528350846939,13.422822461285994,0.0,0.27432807473400084,0.7561679071993898
0.1706159300549175,34.17690938269033,13.256796214884739,0.0,2.5604568978281197,0.5477888695955491
0.04302578758599768,252.8019352677215,11.442524199588403,0.0,6.38837320551825,0.6296259383501349
0.22222684534807327,137.7441944702962,10.173779179034055,0.0,3.216087973308556,0.23973887808109395
0.46443209081205744,161.67713462767918,11.199886519277214,0.0,3.10549156761888,1.000405418414203
0.09513865640583098,57.12863173787463,11.613911007934714,0.0,5.053603618256819,1.022201702008913
0.12861460781116707,75.46292525710047,12.10945538434621,0.0,2.1311959973936743,1.3894704523000128
0.26767645627971626,175.15858693564735,10.962035644089815,0.0,5.386797879941516,0.5125424870302868
0.2600060919039725,176.64971166269356,17.19510413475156,0.0,7.056421333823484,0.9564234113716376
0.10945874316160945,338.47824026381863,9.584276284902957,0.0,4.7074972497842325,0.355500011496435
0.35565222929938495,282.6884492923166,10.853322257695423,0.0,4.6274029559995515,0.8500079559788062
0.7002076026999018,160.27569497564218,13.93629170891772,0.0,4.191011259675825,0.13696285290225488
0.8654138498355431,71.68680898057379,17.643144925773715,0.0,2.9798758419050086,1.0826751046190022
0.6160946477628465,300.3258474944412,15.281509603366697,0.0,6.274403302649611,0.5959287872767621
0.00839676537562715,49.999999999999986,8.476205570834091,0.0,2.981423969999721,0.8822737828487244
0.04336456809180839,50.000000000000014,12.39763206026039,0.0,2.981423969999721,0.7280939448878213
0.2191955461148502,89.88182323707363,12.36520411972373,0.0,5.054850038210874,1.6881989146529428
0.47336656297599927,0.6466797655442311,8.09723732502885,0.0,0.028090114323129408,8.63551086233656
0.3233717210162822,170.33387996277082,5.220928068422085,0.0,4.114903800350112,0.6912386062765213
0.9524977595658926,131.3243331050876,12.48295899650618,0.0,5.996080867204587,0.3684694283413002
1.1386956684841443,172.36586470774978,3.5077381963419683,0.0,4.676425269759724,0.8789141063229041
0.5486163640750527,110.13738238010707,12.266506752713232,0.0,3.5449748648907558,1.0231840044143465
0.8192667795358224,185.0929396980947,10.482480842330236,0.0,4.99488605539423,0.4014327528292148
0.29600876761618894,108.72638321798124,13.414194309885154,0.0,3.276721134650901,0.32899238897447913
0.7266751580686895,90.32424929358368,11.63435058237312,0.0,3.40238210444411,0.6726482152871804
1.2352835919894676,111.94868763121642,12.866346101413425,0.0,3.3755150543598123,0.5672938155299452
0.5799645634136622,160.47005869339796,14.908162656334154,0.0,4.370138240949606,1.4060795258541343
0.36330102077740933,72.09045914035202,8.058013082164056,0.0,2.2423543923592617,0.8187477183213151
0.5121402682240083,53.99757828128895,17.079727866980235,0.0,2.2012401646806925,2.3389985566074785
0.2208661777509453,211.16191135980728,8.427984303528278,0.0,4.7320034241299345,0.3188916076940104
0.9636724276966323,126.50044400649264,14.290320116425226,0.0,4.445920320689972,0.8552526220046676
0.27473209516046215,165.9715543496258,15.003092906142829,0.0,3.6476192942525767,1.540388966273948
1.254825222189812,327.7221778310324,13.68599087971494,0.0,5.235024026711625,0.44042193647606
0.6386591559861579,317.52701627006434,14.591601953167691,0.0,4.995620883155657,1.404341781842437
0.11327432884049038,100.0,6.216105311774072,0.0,5.0,0.5179745402193797
0.14958776145908304,50.99497020953025,14.838623495060654,0.0,3.1615568655767774,0.8185043611033364
0.9533934938727741,7.962962259175428,1.3712247765514514,0.0,0.5289193466124407,0.374757389843888
0.6476770912888082,7.962962259175428,13.022975637200698,0.0,0.5289193466124407,7.946618180139055
0.019473429974221874,50.99497020953025,12.863683480423509,0.0,2.210602570137697,0.19065302224754835
0.5459644204128521,48.77608044821331,14.420551283258654,0.0,1.4657281298198166,2.7880301330046295
1.4440792597305776,24.919936435990987,16.86293354254466,0.0,0.9636479706781742,0.8764646705893397
0.6393561228117832,56.193681549547875,11.80968944862315,0.0,3.0131492067158,1.3412632175749164
3.029354424023405,191.64840553831988,17.182540119580274,0.0,3.444173238688986,0.9239476952454801
0.826686421911649,287.2282608422803,7.915173716452918,0.0,3.3745766863932602,0.9752530552906018
1.083688763057994,221.67847510211922,6.717040392710472,0.0,3.3080682825136067,0.5326396522828734
0.2661123422444964,288.5893015965197,4.5988192309317055,0.0,4.391676634262983,0.41953979684805603
0.06140990123302974,98.01775898924814,9.026819573323152,0.0,3.4211397188586212,0.33201703688027234
0.8548224774360661,132.61347180700085,15.616820614228546,0.0,2.927081362830789,1.7476180402747585
0.611569034062692,81.0260991598736,13.408375911146795,0.0,1.5011481521375014,0.9777203163284566
0.2805827686819669,63.580569451287936,14.301234335986736,0.0,2.837821959607566,1.3323466902476935
0.3483466526222669,205.44041552837882,12.116297723685278,0.0,3.175007630033065,0.8159690857799251
0.8312200385350376,129.46908823075972,11.64168625987139,0.0,2.7716360823251236,0.9488897621561111
0.4318808052133934,321.6791224339685,12.443612897635758,0.0,4.8732115748308935,0.744166236448625
0.35596673918276783,370.5401405089478,8.025964164961007,0.0,4.634132568319133,0.39640694372054397
0.03116935777493975,49.999999999999986,9.618770713669901,0.0,2.981423969999721,0.8933475792461018
0.0567593244512313,111.44072039179842,6.687992046563319,0.0,6.031644904920232,0.27601370518539114
0.7335515395259683,125.63833908297265,3.161883001354396,0.0,5.089131899673839,0.5308904807182901
0.10027862624674089,120.30695832435717,11.024902533935194,0.0,4.461597719562129,0.652624502468828
0.004963426488823984,55.89689904734529,12.232941235717071,0.0,4.642066001398812,0.5112584297948095
0.05146178537849402,73.27301070901109,11.990783331637502,0.0,4.178586621469291,0.060815069127664455
0.11571623383223567,25.683425276596815,12.438481876929274,0.0,1.3503103270532144,1.3531519940513739
0.02435271566010266,111.44072039179842,11.694910988686747,0.0,6.031644904920232,0.2516400453623
0.04835909472400629,52.84287438500366,8.600161362161982,0.0,3.431220284169152,1.1873055761306428
0.6764153653856803,157.70211236218938,13.950373492266865,0.0,5.687819007777089,0.7528305134959051
0.5097388052337384,178.8050267447206,15.97073092242418,0.0,4.731427288579312,1.255845838671803
0.16024495471931458,207.30491540047555,7.604758694522524,0.0,5.182252801975387,0.812747547377543
0.2705209192585592,106.13701333451048,13.860275637027065,0.0,2.8570708754633714,1.392751664260369
0.482535122381894,198.8320873170373,13.706306397470838,0.0,4.136207484660468,0.4192830217851839
0.8287384081114163,82.08304482840563,16.469933340427925,0.0,2.9713141792456566,0.7489877883483332
1.1146163238264253,159.08550156322573,13.720786835657657,0.0,5.700903548707369,0.2984573758104202
0.44009758003671734,172.58596551780494,17.035470130802594,0.0,4.9955475545947845,1.5270185951131199
0.6476697537891197,102.72715949277939,15.00181160481851,0.0,4.085330913393949,0.5850798137102201
0.0798258121246787,84.27549067443356,19.652963132594994,0.0,2.9630337870519665,1.4371776210316503
0.37652733336903943,255.3727702237885,16.732147778424544,0.0,7.280380014817045,1.332566307043985
0.008593085640602592,49.999999999999986,10.501346640698253,0.0,2.981423969999721,1.473712015036702
3.686982196914654e-05,50.000000000000014,4.509999580037741,0.0,2.981423969999721,1.0557123586087207
0.04377579837010694,71.84845712842176,2.857499285244576,0.0,2.6774658486178473,0.07270838931737544
0.021246912612205578,46.87124067769736,11.326558868221452,0.0,2.3858488547963423,0.46872280187965937
0.07561891211705603,130.34903702215826,6.827846388566875,0.0,4.111568402764701,0.24969049151419193
0.0021168338781012565,31.31581698508211,14.48525521482972,0.0,2.312318382333007,1.3572287457883692
0.05328942571533172,72.13956423903443,9.559786997239982,0.0,2.921795541152014,0.22958900341720725
0.5921885725163639,81.78461148511354,16.175353185175585,0.0,2.2373868279587787,0.8774762004930322
0.2668834591897577,82.69053559083142,13.481157533867359,0.0,3.3635931139049604,0.414497925027611
0.2332539470439024,122.0231617845557,10.131981373794812,0.0,3.1813893376707774,0.9196562424369452
0.5015462782686494,97.63975462157423,11.323604377002958,0.0,5.516698621488899,0.5688414645182761
0.5324276300052915,130.70663062259976,12.647469688652727,0.0,3.06634856150088,0.6257547695648684
0.948800267897477,218.595135149869,6.595272845568629,0.0,6.1788530462008655,0.6297495694616563
0.09961263717584137,175.12109872850152,4.3362219004241656,0.0,4.457061069695283,0.11790005198266161
0.20174234120511286,348.8044479283469,16.518671026111388,0.0,5.569778342038213,1.375904580819506
0.44444945835309235,305.8086290525549,5.2781707429458775,0.0,4.7004664949191115,0.4560838878886285
0.49913558607784486,331.27758302672936,10.414454222461094,0.0,5.218592145084159,0.3173240274159254
0.46969053828820834,264.62051023760785,3.9563121301663937,0.0,3.7532359680732745,0.16185433928547274
0.4229433199493058,194.48781986583293,15.876936813432163,0.0,4.895904899962413,0.4064458810706433
0.38655275486885377,91.70436873211551,19.74174589037557,0.0,6.5349331998473925,1.161452917389063
0.24987531011482286,49.999999999999986,7.29546921764543,0.0,2.981423969999721,1.1058427630220617
0.03311197674893601,74.1663278586231,14.292711526161005,0.0,3.9702511706322507,2.302903758525035
0.20776788818928563,109.87122085125061,4.997827659363396,0.0,5.0430377217091475,0.6575671960725687
0.009713377936771203,27.95579531645589,13.590856693155523,0.0,2.492952683957327,0.5738292836408441
0.14917398238627813,109.87122085125061,6.8546978494270165,0.0,5.265238201700574,0.8504587393508143
0.18321046239724925,30.29987473795311,8.695308935311742,0.0,1.573150443616218,1.6740516186777115
0.7130585840246436,96.79005170115893,12.132590611590452,0.0,3.34000726629658,1.4969100858226891
0.5872047400504214,103.47822650931904,5.92646170658926,0.0,2.93228193067913,0.7138472724512006
0.7433049819866034,122.21114278104848,11.219043910516731,0.0,4.659696528682684,0.7209227942604642
0.39699425000333216,90.78889325161907,10.34797881038588,0.0,2.592464621029879,0.551183839413885
0.8617565555239559,131.2497601646887,6.515372765216386,0.0,3.8545087930477613,0.6242408488251585
0.16073424913934806,137.56712950491467,15.433081666881113,0.0,3.877895173490628,1.1323489047664754
0.7437109785712008,18.21806018559708,17.474065224892083,0.0,0.8328593330746987,0.6109581810004503
0.8180081646974274,145.67745985192042,8.140515832217394,0.0,3.042226380822728,0.6354609750362347
0.13043736983225526,104.31696964693509,11.442662299671031,0.0,3.9561367955841518,0.504954209773264
0.31394661905760857,239.46657714928702,12.586004964136011,0.0,4.175216148003831,0.9497158333227016
0.21474291468650186,48.17702445561155,14.908232274375953,0.0,1.5220248958677947,0.6844808957645838
0.606048280118243,230.95908175417878,15.018859717899067,0.0,3.3340534172955425,1.6711296408047112
0.4766067111717837,224.61077271756676,15.20320961365401,0.0,3.3027272852411986,1.0899073416034946
0.6617806901432393,161.117619397957,18.07846783594219,0.0,6.363780857329555,1.6036576181606388
0.0009177422901877928,49.999999999999986,3.6322571791955576,0.0,2.981423969999721,0.7791518761763608
0.3904199399359816,50.0,13.904661909892523,0.0,2.58294225443496,0.9849652026692775
0.123843230625675,100.0,6.5027411583677805,0.0,4.489081149363342,0.9702054855631747
0.024933854027410385,31.468472206019168,12.252485115821703,0.0,1.2819123509241022,0.4969979601518488
0.1311488861705619,66.34092509186303,11.590036521107248,0.0,1.7873395756360277,0.10858909440567827
0.5279708726665113,74.8895488219493,12.631229099567738,0.0,3.6099442521249805,1.0928968536750658
0.45216901472584664,149.8369174503991,9.243358094329915,0.0,3.4023496324835873,0.3350999644266374
0.7391387782095402,191.19295152618417,3.831080387884734,0.0,4.521646134629842,0.2902293179222769
0.6010118848201597,181.82196838378755,7.246559437509652,0.0,4.225796957173114,0.5571882011528414
0.7291351907878081,160.01981825264141,14.160266776360258,0.0,3.7729958779298167,0.37160080550933267
0.3193993664992724,55.048745138564044,10.517036179540089,0.0,2.599754129978542,1.5101352859884472
0.45061294191861834,119.49182492575127,15.6186304540867,0.0,3.342492760683581,0.3763938874952212
0.25391259333627136,104.103855368143,11.964134211685861,0.0,2.378535203040605,1.379947488996223
0.4487405390062652,284.65807168172273,12.34938463726664,0.0,4.922008870108668,0.2711102605271395
0.4595177120500871,205.74251862539012,4.176486062769787,0.0,3.669793521630762,0.082673707245031
0.6966927621917681,135.70168522906204,10.860681602716731,0.0,2.521236534925166,0.5293621926158031
0.5048493332669272,203.3766918598585,3.14211012495248,0.0,4.550912749677042,0.32842539397870674
0.2394427117742964,190.28594812469592,15.15242003083226,0.0,5.203155690216775,0.720887321713597
71.36283015493156,23.28621165878598,1.6128710116152043,0.0,1.3416456817478981,13.728088033362962
5.934993046216774,106.4892940631041,10.679781610720024,0.0,3.060312343589885,3.5566142975391393
0.23312151938060652,50.0,5.1573687262114865,0.0,2.981423969999721,0.2537781700054684
0.013077383540013447,11.656262486026554,11.26221133666739,0.0,1.5569428734821342,0.6951716534061095
0.4406175588940058,80.25849356595941,10.630265246242772,0.0,2.3941342254647258,0.7751483987296481
0.21897584705904896,94.1026735519732,11.383333123346329,0.0,3.9596220807106293,0.5016147549447048
0.11757842225405879,76.71485346454952,12.701840742719439,0.0,2.5137604516086993,0.5765135585831398
0.21582868349362516,117.05014303793455,16.895856259063034,0.0,3.8672391132306783,1.3181230698570234
0.21486994613087473,97.1000023062273,6.050209008291103,0.0,3.9486621058968554,0.23299757623322878
0.010041347613343979,72.55042793642522,8.923745445444608,0.0,2.9881865322235392,1.572559771479053
0.2999055367255652,2.3387737724874724,10.207274671172495,0.0,0.13603320748042153,18.347364417052127
14.832036774150344,100.49383405633698,10.378553280671149,0.0,3.1996258419026558,4.015338044398713
11.756879018444714,240.73760477114178,5.1009419923328005,0.0,4.71277824754607,3.9129486808718745
0.08636036786583383,90.70928451987261,13.97621687615684,0.0,2.8716156793634644,1.877818723371352
8.79637214263455,141.7909629103475,11.12174362358725,0.0,4.520272750819692,3.8093467929450155
0.7594092050777195,260.36209136039065,6.98524017221984,0.0,4.41789008428312,0.8248979163054756
28.73440226969348,94.51790992956055,3.964973571401226,0.0,3.621304532841758,6.693482700878262
0.2789178961441791,123.33050819361993,17.272940665921254,0.0,3.944484151394687,0.2656603955131493
3.0387242331268425,249.41838297434018,8.567292051080473,0.0,4.782202139382932,0.5589215342027554
0.7812058507406426,73.37576052666351,15.294382720047004,0.0,1.5586288368159187,1.2854601694725907
0.15649494739012143,138.31024505921053,13.019801802770424,0.0,3.3587580767428302,0.16247024684861341
0.007556878745004422,10.977502336842749,9.220085834715425,0.0,0.6588472048758279,17.8215021353451
0.1442693445037257,100.0,9.353786445863722,0.0,5.0,0.8256028742384256
0.0017957348833613372,50.000000000000014,6.17921598806378,0.0,2.981423969999721,0.5867859775957951
0.5163503594899262,66.82108047378254,9.532783841370614,0.0,2.877965942602524,0.8155327999986194
0.02855505298231641,14.739012811674055,11.804388376687127,0.0,1.0976706304416115,3.2492872331732565
0.06313723480595548,81.56009328545657,7.576102608312483,0.0,3.4785940093209375,1.4073414260716681
0.42528573259833474,100.14365331942616,13.150148206669655,0.0,3.5776357766525146,1.099196696691001
0.20698046987644206,144.33526457339497,9.154666643876709,0.0,5.079192955478974,0.3894176989290851
0.04334405487915782,26.01914190318442,14.029920486567434,0.0,3.4903576911392618,0.24899220097906619
2.3583009200170992,17.42410772137088,9.701839857453404,0.0,0.9847869297563685,5.954792077547886
0.27899510868530564,228.6302790180511,10.930702547285065,0.0,5.360650161868209,0.5277137716587145
1.5663298878862197,62.93272716493786,12.370898676056,0.0,3.183299920415996,4.80711812597817
1.1429697271333827,113.72215911654101,13.859158333601204,0.0,2.8240746747081644,3.713356493290424
2.07694958133256,212.01602426112177,9.841746452325824,0.0,5.128727958192797,2.865383570606907
0.645048632741465,197.16659305129977,14.519221629367038,0.0,4.174166793916115,3.9091868951530233
0.338012844662304,171.89646307373258,14.802768712381866,0.0,3.9423042016192813,3.6314463825658394
2.646834583963658,306.2598684118983,5.02865574494025,0.0,6.094540194579597,0.8573746773830234
0.2175504940201084,165.42912613802648,10.953749373369101,0.0,3.7374365015517363,0.7678304118627685
0.22305849883646678,183.97284615601342,12.79674031917127,0.0,4.665076229763423,0.5144823352444804
2.0139738104904388,189.40686441968245,15.133817597942345,0.0,3.0465162916493624,3.540466499991013
0.0420015128503665,107.27688303828448,18.396637129324947,0.0,3.342744021008419,0.7619157982169797
0.003268115011968085,49.999999999999986,4.863432121122654,0.0,2.981423969999721,0.12239472123490322
0.22370984786785753,84.20780394863586,0.9935636996921067,0.0,4.413999885257876,0.7484992688087009
0.13526174376717295,9.66207855007012,10.223152547294314,0.0,0.7193832625525435,1.5676457353073598
0.13557371210059982,50.0,9.686927858444548,0.0,2.6904737819252165,0.526527269012435
0.842714622373443,63.7276662827454,11.975269511670056,0.0,3.5097087076203892,2.25341251863566
0.09385766008036,56.30646448064889,5.732869869163308,0.0,2.5127098171826026,0.3302865970092249
1.0176177063073255,97.80288413363216,14.721828254498565,0.0,2.8446928548052077,0.42843674616401495
1.1527861303278903,6.1301175012940075,15.228261959044962,0.0,1.2370901347349756,7.711821846541698
0.16416188052816508,112.27129378387254,8.918696196988789,0.0,6.570070942199588,0.8798680686156121
0.8854071581951948,89.2086398043205,7.937177833716348,0.0,2.8154257477854907,0.4103872916557664
0.1027804314734081,55.50982326310017,11.53379169142872,0.0,3.0824745206591655,1.286036959665705
2.458577045793389,44.098055848255626,9.347269526995355,0.0,5.242138095628185,1.1360864204810872
0.7173418684395874,167.31112097054182,12.329898235899806,0.0,2.809722552699997,1.0519707553774214
0.44819206438125453,202.70956651066555,9.202295738600734,0.0,3.109831309981952,0.6170853929398042
0.16756051777839534,221.56801309127198,5.325522787494763,0.0,3.6911564645400525,0.44813260917566095
0.13007516973541597,108.47395884555777,19.808739540325167,0.0,3.7374753893887727,0.9985766394376004
0.7836381623898362,144.94785255331615,10.967483804927053,0.0,2.7656859847543664,0.8050428334226364
12.623222896662885,33.88102038321149,17.354246048270635,0.0,2.2974854505893587,4.782632920595189
4.114458800341871,174.25535644664828,14.230622065605637,0.0,6.8778405446510575,3.1497039382940737
5.415621962414568,387.9664791831972,14.452000892750533,0.0,5.904220729405311,1.988780739840069
0.23623563250467572,50.0,2.256326634068476,0.0,2.9814239699997205,0.5443815907973898
0.2518499479406313,16.181045112335966,14.20882694934975,0.0,3.0568671861455816,0.35716596159785025
7.6779209151839,6.996158445138745,5.611483878431152,0.0,0.3303870760017855,6.057741625452198
0.30433934036022225,33.81895488766405,9.116109420952355,0.0,3.2634587021922896,1.3895602613274893
0.06716348872505294,70.26215696442353,7.905849362097316,0.0,2.8461953438722265,0.4729572388306689
0.18977821279808174,64.09650080488254,15.535245877067458,0.0,2.747515250159041,1.141158119213317
0.21210042392898268,158.69347485165565,6.672899791140991,0.0,3.7575955997242656,0.3262413915417874
1.752263347618837,162.48691400076075,10.39698594769479,0.0,3.7905618624346484,1.5289033742253202
0.5072036589695925,139.85130068797508,8.299125761045277,0.0,3.7175848830345526,0.5031838690367337
4.123987360521966,149.86079290814942,16.91718379746652,0.0,3.3363804393281686,1.432123341871418
0.151537900915004,59.90608255271604,13.378963482946352,0.0,2.319535894054883,0.3972605643043286
0.08029674522636389,134.15103240024683,8.703439800203817,0.0,2.908125831262038,0.8086905157922014
0.7984728491564742,239.1758040680628,11.95841747966635,0.0,4.955840315038774,0.2694808464384601
0.07608002951818764,25.1268727969881,14.449528563833924,0.0,1.509857422547462,2.535519347106221
0.9541825494985922,196.60261993144275,15.127663770303693,0.0,4.754265021656016,0.9242348593325583
4.353823145938217,217.91426525393257,7.370361814024372,0.0,3.491077664926221,0.9626440769842448
1.427097836122983,132.04709909624233,14.828722093959904,0.0,3.0244612803934774,1.2591642512611347
0.9203992876560549,190.68340904201904,13.401487351166615,0.0,3.1684124473533903,0.24754030583065997
0.7215302873744708,67.98424383057005,15.081262768604883,0.0,1.5347268298280472,0.20264875689416548
0.4437573523434001,347.0044221412138,15.797153859583595,0.0,5.146632566325568,0.31587837509615735
0.09349295798680518,50.0,6.902613590592002,0.0,2.981423969999721,0.05345237705947583
0.08736629026412758,50.0,3.053026442067803,0.0,2.981423969999721,0.22853094294067433
0.06476596266665789,9.295635314913197,13.713976187595254,0.0,3.0775342743278373,0.37448662206009736
0.06911947669519301,93.55984332709598,5.621809590295392,0.0,2.3273515146134947,0.5874982663877477
0.023525716631923044,9.295635314913197,13.1895788527024,0.0,3.0775342743278373,3.120071707272193
0.6480967321443892,127.38627230624049,11.062767385022447,0.0,3.8793911815730033,0.35875960862912576
0.23569417464843823,104.23773808928368,11.894095036670688,0.0,2.5214723752134685,0.526740765882692
0.1213115517457151,78.10404984516693,12.512007759547044,0.0,3.137123265236665,0.1568226609582654
0.27030428933902784,33.02606083558154,11.141642302933707,0.0,1.121349084199938,0.37983156678709995
0.5240501894512801,96.36229834710072,10.427872396918557,0.0,3.4604333427553065,0.48159751233819675
1.0447028463560537,305.7757678134228,11.989743878240605,0.0,5.081803885620585,0.5084011157549814
0.19169403601910506,226.30050587605612,7.41419862272394,0.0,4.0949381245428125,0.3754501258673718
0.21163115214088124,112.48257562028755,7.9737303012833225,0.0,3.3221272281644016,0.3714825460346134
0.0599552468295925,3.570828532729794,17.38553716839098,0.0,0.43447852839301304,0.9274058753492727
0.13926927925516538,121.0445781163219,11.172724361041919,0.0,3.47169971738208,0.4257058715558632
0.6727789593209931,213.2179099700137,9.42276551640405,0.0,4.211200327579017,0.42526564469026223
0.638195775136296,275.05581313813093,12.131772546535254,0.0,4.487964789786144,0.4482729909737472
0.4395221679173827,254.77677882009502,10.826837859270082,0.0,4.233313798618683,0.6683102164663528
0.351301261374527,196.80948988443444,14.838881368434318,0.0,5.101874011467001,0.05588194421812332
0.46882722919754966,48.92059976758337,17.608369011838406,0.0,1.476203582058023,0.5645346078714251
0.5941121662515536,100.0,7.169647746570735,0.0,5.0,0.5135249796159684
0.06645158006008751,100.0,10.55568086067312,0.0,5.0,0.8411820276357566
0.00020293407284637104,61.84980488271445,13.472667418409497,0.0,3.007589898114244,0.27379096390702184
0.26050813472937356,4.594970624744337,17.25367179606502,0.0,0.41305843280038007,0.2859890817131032
0.041303805541757825,85.61770947831087,8.860543411888525,0.0,3.7754107602109275,0.6503665027257327
0.06394968170506907,66.57219989969056,8.879790682616326,0.0,2.8531774062400554,1.4343878328083237
0.08225433045726532,2.7836856444684286,16.444242579413984,0.0,0.10093770905320676,11.270321555239594
3.7398097008033395,147.0820452747106,9.408955842508046,0.0,3.3518598133252193,3.145865215937061
5.216879738881659,248.1620461875271,10.694553745500198,0.0,3.6661759048367535,1.982954006515455
3.6494204192707826,64.49301414540633,12.116316652646004,0.0,3.3186726243575557,2.3917041633121245
1.5170258425099732,184.63378446317762,7.648758831258668,0.0,4.276036156573687,0.22275629293306023
0.01449332638153401,61.58247381281587,13.946067100924681,0.0,3.4688455805187224,0.7396417405065733
0.71733534462642,192.63342653980837,3.0029912773087237,0.0,2.9645938330871076,0.693629832523434
4.4274168603821895,220.6616866315663,11.390962350383216,0.0,3.359487093365317,2.1250428465805484
0.14925391573328115,171.81345441860108,15.556545355786403,0.0,4.776319766252777,0.9580384955141295
1.1712193530448753,361.8468079491146,8.69615042551444,0.0,4.713081325077575,0.8246778555224957
9.938128620501379,163.33331779705657,14.017017831092238,0.0,3.4092799673818086,2.955822363110061
0.9914563970627136,222.01497969809802,8.76060277033115,0.0,4.039848749817248,0.7660212566673986
1.090922606289549,161.69812205117324,15.474510540305497,0.0,3.579458175368928,1.2899832607136954
0.8073620248511444,338.78117018571595,6.301380841537411,0.0,4.544785268459076,0.4826560944102969
0.24314722885877438,50.0,12.102699559575186,0.0,2.981423969999721,1.4794008460862442
0.03781970350735575,50.0,8.320265675917451,0.0,2.9814239699997205,0.7924978037445412
0.0278858617106655,8.019120832318091,15.143245846470505,0.0,0.44561230388450657,1.3384391215668197
0.026501456539081803,86.03408455103165,9.374694835451283,0.0,2.2548736947315637,1.2963964698533081
0.8043163399698221,72.11901600465741,14.0843841941586,0.0,2.642147885019203,0.7221862080019251
0.45938884486815895,94.84355360569248,2.792153862779424,0.0,4.7697992790438315,0.5593542828680872
0.3705540666855008,69.54866605154129,8.18618442305495,0.0,3.266523960537983,0.3465252943404123
0.4799617065671196,142.8081390643209,12.943582681830216,0.0,5.611470192476856,1.1478921563302158
0.6234215746964722,119.5486660515413,12.975746766315286,0.0,4.832727889966512,1.6274963160501057
0.2307784621267626,44.59256315537087,16.64626237970411,0.0,1.4387599172959216,1.8195564221884692
0.24424143101661017,280.0627668973485,10.82829699401787,0.0,5.658951555441792,0.17929850596913469
0.14879431112780367,141.42967534419827,12.72229852026159,0.0,5.620401741060459,1.2660423898131246
0.22175892106229506,107.6580644874324,15.101161209084257,0.0,2.556450885054086,0.7864942647422394
1.375474998760605,257.5844271550228,13.718888992447333,0.0,6.71508620765997,1.0781110286591158
0.44721118055288633,338.81612984854394,6.919273870653807,0.0,6.890693121265919,0.9532013031587044
0.03552865707836607,99.82971427273083,16.360441041774596,0.0,3.050289772292193,0.6837080294398943
0.40999108094885167,86.24128224383978,17.324344612317592,0.0,2.3623438263459944,1.0216289263456146
0.36866370400392207,207.80286709321086,12.185955473852935,0.0,4.201012464144188,1.1256622476683111
0.4971557882249831,301.81381429852433,14.04910434367261,0.0,5.388151816660839,1.4966412808445158
0.6020093620794399,248.977197984274,18.060132864365027,0.0,6.840119933697856,0.41711059607741735
0.01913376461375414,50.000000000000014,4.930317451267326,0.0,2.981423969999721,0.42333160388152724
0.02974074076446231,50.0,8.498696123458032,0.0,2.597019319005975,0.509768514083617
0.34027020872570557,37.27088889287357,11.601602155094056,0.0,1.716593584949241,0.3118098824037875
0.42306985459707597,115.68318056335771,2.1932624283494424,0.0,4.194242335494467,0.7957275368239357
0.49226506973731854,63.79390059951641,9.277413893867031,0.0,3.613310199159476,0.6069302494901093
0.21896080015277794,80.95617787340782,13.58961381628115,0.0,3.2965811419609565,0.4242296657036845
0.9279047249763644,82.94367068608408,9.882928619187364,0.0,3.6379094536434677,0.8551904339390589
0.2767838791427594,39.33980347317936,14.317952848402676,0.0,2.6152102045291303,2.1030818541151794
0.21649550367505088,125.4686668006311,5.611850551425901,0.0,4.616757504688122,0.7229741505840235
0.6567518600673573,93.89158040031614,9.657678129868279,0.0,1.9724312528538164,0.670407667417388
0.6324409425438035,155.75036472217653,16.405840410063366,0.0,4.441688755243692,0.8634185921061613
0.1544932659883048,182.02014329461778,7.688066745041255,0.0,4.070904815037946,0.639835031404218
0.595995848558231,183.31889231556386,12.643287995911304,0.0,6.043156882431835,0.8890253510378316
0.9964742132462217,80.40694204990982,16.897998630039037,0.0,2.2604694564503074,0.6061769363848003
0.6604973197359262,368.09148921505334,4.333460191194244,0.0,4.993974768003645,0.3863272219556459
0.42691948228125515,181.1052286805555,13.237585583318188,0.0,3.3473504515616983,0.14322563139942224
0.14623382205263208,205.79241442042576,9.248203651976988,0.0,4.6884970805862505,0.1769743656809436
0.41145609436316377,190.55767096309015,11.128615628186093,0.0,4.135587090985118,0.29431242634943305
0.40082294210731295,239.6520270233064,13.077571843204725,0.0,5.760005989982911,0.855379194479579
0.5139720553029896,136.0164033418882,16.95824363187808,0.0,4.3452979200000295,0.8683092715512556
0.03630791885873319,50.0,13.505449461641941,0.0,2.981423969999721,0.925375428771717
0.04859917238521469,50.0,8.147325558780285,0.0,2.9814239699997205,0.9560606167717784
0.3481464002418063,89.92037347268706,7.2109052088894074,0.0,5.102700728372342,1.0657528777671244
0.1266219386878539,41.628088275870624,8.127211824753527,0.0,2.1789106866281904,0.9609295436971206
0.15283557338057874,76.77191340848864,1.977514590317533,0.0,2.770925708022895,0.439273791022321
0.3768608205674386,127.27566055596826,15.320819953499083,0.0,3.186081350845529,0.6110840750530608
0.1561460324184855,124.86003834142274,18.40575045327345,0.0,4.648657281368647,0.8192586824010537
0.3753026286603797,82.17619674146025,11.541075204942134,0.0,2.9945772190918274,0.5013887118796229
0.006192592711731889,30.898662288652126,14.190580247940378,0.0,2.1692570330259007,0.8945529010139338
0.17042158761223009,150.20751134105427,7.738237869645177,0.0,3.1369381844606776,1.330240184090221
0.795415092434017,91.62844736181673,14.969919888871882,0.0,3.05697211904478,0.8236095437623094
0.11732376492940429,13.694945309528311,14.404695041957599,0.0,2.21203521919961,2.2284594976674312
0.4376885954371973,27.554794174823975,15.82640867714075,0.0,1.446869376432598,2.495230335692381
0.05879133143126771,60.256610502390856,15.325182681807531,0.0,4.266606558782786,2.0865400818032804
0.3104794376735649,43.66709697669578,15.953756209853605,0.0,3.1676151530128838,3.360969519693817
0.022145727670130597,20.566366265499248,11.774877998499703,0.0,1.4763255778220719,2.8256711844840314
1.245517911235152,112.05421888324551,15.255837623908798,0.0,4.251950530699917,2.905744860787494
0.635108144409826,223.58363007031608,14.271497317155902,0.0,6.13461664279868,2.831425966240736
1.7012791674374204,74.7408185905339,10.987595422657416,0.0,1.7212198651954416,3.3674952919385843
0.09381087686905204,3.8105808440816595,14.159131042851847,0.0,0.18753300709610513,2.006950546833531
0.0009601160175144874,3.8105808440816595,9.257341398922808,0.0,0.18753300709610513,19.091975378194853
0.07355227716640367,10.842712221595455,19.145362791788433,0.0,0.5967908398369088,18.491437794975184
0.004916896906312913,3.4178477945658763,14.789793693592074,0.0,0.22382356659408134,3.314255538299943
11.896683438204672,234.80448395136412,6.618887188321619,0.0,3.894332096021497,2.149623386618896
10.993371596479129,49.37245379962327,15.143184166114995,0.0,2.3563636569545987,20.34565519407196
3.1389373756903622,9.707767786499161,15.229474217441943,0.0,1.5217171586963554,9.026167419325889
5.8623749328085575,136.799673230119,13.567405915914708,0.0,3.747883891440504,6.239980663525835
0.6110393475668287,25.672075815439506,14.368226139888897,0.0,1.2879963856735142,7.554723615611324
1.710012586620144,118.94285593902953,15.936933279732466,0.0,4.330282744467939,7.555684617191817
15.322274789519287,78.23273558238954,5.118118542210022,0.0,1.5656203485414644,19.09184054540511
2.521281667573845,318.4837560999864,13.795287233081934,0.0,5.410737896185072,3.5226962197118623
0.08747944315491832,41.16692402264677,15.969895774638442,0.0,2.3725741691623936,2.136983190593111
0.9687502743011295,5.228237513699064,12.57220216112868,0.0,0.664564931307657,2.2194909221733297
1.5461307693783057,100.4860592988727,12.47806868785496,0.0,3.4061395017945366,2.553880661423106
0.010597856371410643,23.63981489308334,14.525254694492013,0.0,1.2018909980794772,6.491162050127197
2.367991914033255,289.779344077678,15.587729651424521,0.0,4.395605622655012,2.3195159470722597
0.1221607556805039,49.999999999999986,11.465961466921936,0.0,2.981423969999721,2.10691948636054
0.0019739020329953556,75.33942891278936,17.524828840794566,0.0,4.09060719375108,2.614494326581354
0.18104660915495238,15.716315103289464,16.015630842895774,0.0,0.8027090173236999,2.403430816363469
0.1526867150884564,165.42179784840306,15.633836520076393,0.0,4.876844820927366,2.1998981761537024
0.011135046274410334,9.036937730553817,10.875091075930975,0.0,0.7381965272377711,2.690318535099505
16.387932651397318,38.6010859716545,15.121554290831966,0.0,1.6435486539798687,12.796582919203669
0.0008223714538173288,0.775890887303138,11.820760363756962,0.0,0.06176494552574302,20.38196932363007
8.436751134486794,80.73645888155994,12.926301331532564,0.0,3.273249541165602,15.473324672597931
14.680878605735806,157.99237294102753,2.522040852918251,0.0,3.6728425889951923,4.571109918181903
2.6178763633201725,138.10444938247525,6.068638216670255,0.0,3.219301451993646,3.677045251176274
19.48181542600837,141.62362096820024,9.036091397560252,0.0,3.413741560676302,24.268556139281397
0.059234968685633736,7.747223280956057,15.495225832539548,0.0,0.7762065809797276,29.409100476919416
25.526190623972013,142.72574693451932,8.760738181442978,0.0,5.010034060726104,9.506445096226711
25.706557564571575,183.8250146261619,13.526497721235918,0.0,4.193953482206903,29.821877427577213
4.9896810509750225,136.90215570825154,4.721753289587298,0.0,4.728004202922432,3.290931830634652
72.85730964046438,59.741637372657536,12.70421524243962,0.0,1.3899553170671426,18.06447983985041
39.020581747755706,185.42529779011917,13.686273896219705,0.0,5.814579083458057,27.99769854203483
11.251304889393337,217.07272183817312,12.213577617812419,0.0,3.93096218012086,18.019817418864406
24.47663767719208,149.5197902303257,8.233230077797808,0.0,3.4365520553514566,22.215867061360992
34.26922596746623,95.16719377786941,5.625356239652824,0.0,2.9568136310474804,9.024729023442063
0.00016748218230462053,6.196320602689436,16.582957891525936,0.0,0.5636868951898781,3.8190628807541622
3.7440398189529804,17.575062580344955,6.205736857031833,0.0,0.5000795713181847,3.3740970606744307
0.20192727511542358,78.09177490954374,15.998406370235458,0.0,3.189039064291543,4.928158305775672
1.2657477672332935,97.52458309779163,15.565973306450335,0.0,4.458340903126943,2.8918917358003644
0.043240604295250694,13.69478624632794,18.183229825005597,0.0,1.177411170385831,2.2821443254043197
0.10938071029629061,47.78264750437163,17.5055426566841,0.0,4.77345135453249,2.4844886142616383
1.2633136887496486,16.484847685574085,17.15361113891998,0.0,3.129807159026873,2.8679568688474846
0.08353406223048375,52.29795340747114,18.877695926587283,0.0,3.1937754183739346,3.016631178917944
6.569008612463558,11.043427528682265,3.883757095848775,0.0,0.6950629423711089,6.290305999975953
3.919051047742433,80.78105753915021,13.923619199641966,0.0,2.353540211169897,2.6079794264909983
3.464963477501941,178.36520187965328,13.9786457383953,0.0,5.451527876154287,2.020032210330505
0.4443086846585418,2.008380252434014,3.4859276218537825,0.0,0.22901184766830832,10.764215459103054
10.555269742228795,19.118652239029217,13.330054274927528,0.0,0.7335911262542361,4.015749682802037
4.288340416191267,42.20580675003997,8.401829934693454,0.0,1.4589124979636472,4.135166718529139
3.15582627260883,104.36431697029741,3.862222957100727,0.0,4.44498922750892,4.212724004174971
0.7712018854304249,113.44082694444003,14.922066526948239,0.0,5.175499671511709,2.060005266617246
0.1458830061430236,0.6175182258331127,14.957526131955861,0.0,0.03104354620669204,3.723303306082658
0.6849975985230132,164.4562919301854,15.385115975699845,0.0,5.304930795827685,2.9646809317353946
1.370062680409567,8.501740147112706,18.844127325992083,0.0,0.45985826748428726,2.1443945565818248
7.100174750600214e-05,18.9073106432824,15.533249658522976,0.0,0.818296586625492,4.1537762900855535
5.075976851865311,86.49832932558651,7.170077557064071,0.0,1.5176108906558912,7.011787676093749
2.1609673384500363,46.575555294213984,15.496097237736272,0.0,1.5467634175278673,3.6193815146861272
8.171915954897324,179.87048417838233,16.71718303779956,0.0,5.926488833293354,2.9548193690752425
0.02789258805273558,3.1328287648581936,5.460654850894277,0.0,0.225483816159015,2.8765765771300313
4.285022980032564,6.815754224858171,17.690489251607474,0.0,0.4756853423606213,3.619203161701696
0.08054266165953193,51.57182373188118,12.824257700219029,0.0,1.442098263157713,2.238856370694913
0.1513833483941411,65.96318822873388,16.927595899517392,0.0,4.909803031405624,4.637106120075097
0.057409496378362825,2.9293479215393634,17.551882604847666,0.0,0.5274596432943611,3.206457597479505
0.0440748743259789,28.196479464054782,10.542135914934732,0.0,1.8101075930284036,2.333734487439665
0.05385150395855368,9.843944410301702,17.02938035227077,0.0,0.7777510495676927,4.634995250401855
0.7214225581503801,236.22434708944672,14.823357789652711,0.0,4.789328232580167,2.8109980104728853
0.3330589254240067,17.168424969112777,14.867001547772457,0.0,2.2739502974846615,2.544867447982376
0.19653304328175372,84.56594539189628,16.698532646161183,0.0,2.604281170932956,2.6968242299477345
0.47899748323584784,148.0656892716846,16.20830976911243,0.0,3.4591884441710476,2.184260906945134
0.35737835232811244,27.088428492966738,19.16809679939192,0.0,2.146748956344587,3.190365583023309
9.637169549372696e-05,2.541762308358969,3.648723245884403,0.0,0.16744156812757804,17.57596051564923
30.847987750618927,133.23184331884843,12.183783513217463,0.0,4.9096938345354735,2.9695573279045293
0.014157787233931034,21.218796245809546,11.411026322366265,0.0,3.333315424357915,2.3901645058886043
0.10912781003409301,19.626056264217553,16.36423495138275,0.0,1.0885854178124936,2.197179499700085
0.002820101407804907,53.92445417462234,16.683086574903356,0.0,2.7780880299712325,2.1736114844716905
0.022007697359470415,2.066354992743358,15.333514964602285,0.0,0.22606987788208474,4.051969017590981
0.0036741242028344224,40.75232170776752,14.592914366405738,0.0,1.514540291562854,2.2561595914968495
0.23460882847544448,17.46521959290973,18.49297293490776,0.0,3.202477691538269,2.4173680163262756
3.4966348302526797e-06,7.589436819875189,12.61251524111452,0.0,0.600796552666301,2.6318108933133417
0.025157690650274806,34.347177123268814,13.033283023339207,0.0,2.071338646931769,5.683478717067692
1.4411354643044658,142.9286547638996,10.370177190303853,0.0,3.671917025573901,2.691945495862623
0.667593438627208,24.628448353248423,8.489186974646906,0.0,1.2231680682300612,5.703372680517915
2.088254606464077,36.35503936823804,14.77978667078156,0.0,2.8532246588437253,6.68000599831911
21.43992309979534,19.174756618805098,5.98098294901779,0.0,2.3486457918089747,8.908573198374976
2.9086838705711484,200.78469656745622,15.087603845839421,0.0,5.742343382750173,5.524353983939318
19.89519312196278,34.142694777960585,10.92542058090471,0.0,1.9119488963100844,4.1663479843304865
2.0869366753989786,95.57125070028087,15.538732876483447,0.0,3.4517953494840925,3.380339483071064
5.662979737219612,9.61408891434803,11.227823576788365,0.0,1.9592684430807414,2.595490111829364
5.670800304130664,48.1739116327207,14.509774801528415,0.0,2.6577493967551975,3.510006601493696
2.095271570592257,324.49957456876365,9.282387988462217,0.0,4.9953104254815,2.4725307543844726
2.0538334148075514,101.56580153211286,15.965616678202903,0.0,3.3559295926427257,4.435802227184776
12.546262554676048,10.506742705486191,6.754293377336576,0.0,0.8940199718381615,5.408329661324267
2.7183248732131386,91.18512539029817,12.69651688139814,0.0,3.1334214013207204,2.094807234606453
0.014371464059282635,12.026970491632653,4.812363693670874,0.0,0.6550182263150425,17.552078996473846
18.74457839513159,101.68661222561371,9.392435809590065,0.0,3.3331998857579657,5.131228214695075
2.7021447221401234,167.31927745380764,6.157034524162838,0.0,3.854482771280879,2.1318835766552984
0.17622536214469636,8.037583379270059,11.055565437308914,0.0,0.39369590786181774,14.367084188222181
5.529588133600565,104.5197526624361,15.822962172534883,0.0,2.5352437180286684,12.989141986174994
10.491956770094534,103.48286483251769,12.224672934289002,0.0,3.1895858774880783,3.0716438727005726
4.814252346073565,142.02415821859958,12.352418760522525,0.0,3.2085980989014953,2.2341758303071457
1.3823003610267544,18.551556600218653,13.026675895245488,0.0,1.4835729628064815,7.743908082895642
0.08510734265303922,28.19499048556525,15.742461079451745,0.0,1.793078344911389,2.6263960420543015
3.4182415816856886,107.57557345105839,14.44121720906717,0.0,1.7011673306812056,2.0567134083433176
1.1230694481883094,151.4215823394252,17.901987096070076,0.0,3.06396510352059,2.8847392153563436
10.867541087289466,26.163642052536076,14.140434117515108,0.0,2.41412439352182,4.901017277112238
0.20187085346184075,100.9476088591133,15.245249657105191,0.0,3.6683035947236777,2.5782620893620076
0.26539985168533914,68.74617567287794,16.229510346318662,0.0,2.2328541135249496,3.1114131963350498
0.22362464146529018,216.6015364804037,18.760390405876755,0.0,3.703592169361343,3.0780379419665778
0.8565356862905272,313.8074043669467,14.972985591500136,0.0,4.011554510163938,2.1204257352194875
0.24268666307787143,29.939235570556647,13.726171113367617,0.0,2.4652088618031303,2.8169707530152794
0.012328929217644627,102.66440812557249,13.043175655349803,0.0,4.200246299241389,2.290197655784762
2.6533873702550417,24.448852141788578,14.334051112462287,0.0,2.364196044550967,4.087574256619994
1.1480559200033116,215.47573691896093,12.610308969042816,0.0,5.201823253250933,2.059262246011989
0.0023872940137242885,49.999999999999986,16.022045150659256,0.0,2.981423969999721,3.473858968427444
0.10291820509041942,11.067694275615526,13.776461867934145,0.0,0.5549035088742709,5.997591471993294
1.4332879376075462,186.83275267118216,16.168958388163702,0.0,3.134473977681051,3.451000821868713
0.31768855756285325,183.41023875243957,14.668572589527725,0.0,5.358146393014652,2.035451512954915
0.4300528122603812,31.960493757143098,15.900275925347637,0.0,0.8238508370466694,5.46514882917676
0.001961224165860792,5.071820140202351,11.17134500154886,0.0,0.35932060696458573,4.210467591575883
0.887553470141855,94.17500429961406,11.566754934081517,0.0,3.316160339779934,2.367557063745047
0.6063289469330565,157.04657809807168,17.731913484194337,0.0,3.928853418691516,3.831334830478642
0.9787419074013033,222.667786950377,15.081378730321509,0.0,4.625873047629502,2.1720854866034505
1.3952087292517499,133.68549066560686,10.28037388907359,0.0,3.1714828004243056,2.7594691430469487
0.17962316583691232,16.60417334026652,13.722191525317253,0.0,0.6705088619860289,2.323462780154616
1.511618692065441,14.99137568523868,11.69163914802097,0.0,0.8186277249700746,6.2008189659820125
0.0023993325138871448,17.252336853996926,12.23317531069045,0.0,1.8467771620378155,2.2768631818274043
0.6720645825593492,71.58625915251163,17.43238639067633,0.0,2.5206619384265108,2.80260250938059
0.8242784164358483,99.42557910051927,17.05993681326535,0.0,2.713011263830392,3.7549763828688967
0.8854570834582801,302.489887738702,16.998482907521595,0.0,4.625999199140714,2.0680970904396774
1.581587715902055,28.815851433272023,4.021600170393874,0.0,1.0186020992043698,20.613451822158464
0.06034720827005331,7.3056166126769355,12.662117757881619,0.0,0.41956973751151627,10.05765369144316
0.10947384990257125,32.53288428919347,18.968818922308827,0.0,2.6649795882398593,2.509248645853563
0.02475691903604632,38.13411237331618,15.090898443115506,0.0,1.7561609836202525,2.6809723184192156
0.22611256316365466,105.62568110059019,18.96433680897885,0.0,2.5313222977534835,2.070711753109387
0.008727772644101203,3.1385494033101624,7.138744131020835,0.0,0.15520564391080113,12.233588507573625
11.476573755496213,25.20637437513561,1.2701126764806854,0.0,3.3992428364262786,10.590640433942626
25.833770935640906,69.09369230376853,8.495007943444847,0.0,2.1351026853103927,23.68590195190582
41.81053139986465,109.69133201244364,14.23761080438718,0.0,4.1718436170057736,30.4651109069406
12.796654913174063,90.42096827320697,12.782866092432904,0.0,2.827439430586304,5.818255253057584
15.316659084746856,68.30035130158569,10.028499842208197,0.0,2.6163272336253534,3.319584638062899
4.763597859803882,82.79703245066788,4.431445122836867,0.0,2.202805860105593,3.3396241489304743
0.2699911663774131,64.3759652464799,16.244397497698525,0.0,2.133746062043694,3.4444665726043757
16.390274679767646,115.3023350664334,8.323016303007213,0.0,2.3863631448918037,21.53764405261655
23.556408190153142,90.27000261482732,15.466338325714105,0.0,2.9734238106772977,9.969416097716552
0.6183942125017781,92.61026322763958,15.176696287396139,0.0,4.235512633556552,8.37610091635957
12.39598919221276,152.2351439143868,12.794783859403076,0.0,3.3747133873384265,3.6211600622134332
5.967861984957973,57.20720123628114,15.387410262654782,0.0,2.3826628763454725,7.047403903823518
0.4631392640139169,93.83012915430851,18.849430481632446,0.0,3.7594743814782046,2.648900109920628
0.6755741928434175,8.610570619511238,15.241055488097501,0.0,0.7651351137347313,3.5813529777758664
0.013331640010200575,31.021156810884982,19.61062550381169,0.0,1.4188838772645598,3.0161693705383086
0.689650070674781,96.59171380779814,15.959874108847647,0.0,2.7510766111415648,2.0079890703920196
1.0473407250143456,89.0723183317452,14.979952444276575,0.0,4.336358605078699,5.920394582972336
0.029666227927705218,24.11363820385,16.323079402083255,0.0,1.726962113625001,4.234982996139075
0.8995568430686959,125.1464474958816,12.88058782334505,0.0,4.090265743730938,4.285553673904545
1.1651880827780758,109.80666975090648,15.68126474901675,0.0,5.627330225748066,3.694622508940133
2.131077055694644,107.6432972659369,10.821712696166077,0.0,6.518693718541461,2.4655722802750693
1.1820419018445085,102.1734362250962,13.495240800719644,0.0,4.618048543770656,2.293876647985046
1.2328784582382457,34.07507916938694,7.91024213668531,0.0,1.3017179988737255,4.187781213057604
0.5770520148283756,198.9694996578104,13.3012656486584,0.0,6.047323594675267,4.447971011161683
0.30063589507613553,214.74673251790045,14.566854987117805,0.0,4.380574676750583,3.2462764608798627
0.935925601600892,132.76160139717646,16.842233258034735,0.0,3.718327383633525,3.3881507370435147
0.038997201938188814,3.405893689313251,8.137123825460023,0.0,0.2546999990050207,14.292798159773398
16.33338868911746,32.137475107410246,5.443630797352432,0.0,1.273103138215142,24.413178408940773
26.40836631529078,153.3573503289437,11.927395211799958,0.0,3.705095184401764,5.203939696972759
19.799675702577268,183.99244196311344,10.439040484014042,0.0,4.433105008530934,2.8643862714659445
28.889892890448124,263.75513412135996,13.135363588556388,0.0,3.9992252556004857,3.2951432205128213
9.117600029161972,218.6289121664475,13.077674719810448,0.0,6.012763570307265,2.857956683394382
34.801206545106886,98.27484358708233,9.432426152809766,0.0,2.8067638467855844,17.485596087468373
0.19281656125160931,26.392236519467982,15.363840144051832,0.0,0.8228174505327184,2.994911002160524
0.39449588076042164,50.17993949215334,18.927456889300345,0.0,4.799834138174889,2.140376675901285
0.007508703267077953,50.0,15.558455509692127,0.0,2.981423969999721,2.2087214795808627
0.15218818259753045,8.904298395871866,16.56717415028397,0.0,0.8795940971786281,3.3919811438109946
0.7926278142068771,75.71276621725258,13.628208392198102,0.0,5.187144936161572,2.867635034568018
0.6472765721811081,182.8388799659854,14.815355756935203,0.0,5.545625332511021,2.029663995085872
1.3126603848761853,19.077741386523712,9.747031782965573,0.0,0.6209651621304157,15.980478601303762
16.77996876137874,240.3250462619824,14.56989537830641,0.0,5.21312432186172,4.366871621196573
5.577749341634222,65.16817682913482,14.079242823333416,0.0,1.6610644271951422,2.334227786924765
10.283890682272457,201.05297558160527,10.828127672034741,0.0,4.347348596506862,2.0289169790117554
0.21740652108389003,15.264440770026638,12.839697834337604,0.0,0.9045112969433458,2.6192816825635794
0.012342640692984167,33.6301886314818,11.141753848141066,0.0,1.5776665692844516,4.8323230711443745
2.075972599103703,92.22457260581955,12.711102554429976,0.0,4.267184228355867,2.5456995372046207
0.10992065625076863,0.8852922446662904,5.064907911658476,0.0,0.05994693131757209,2.6533415940110707
0.6488636318772134,43.557710191785084,14.626735447515912,0.0,2.6639531152283684,2.8083644421830862
55.00463804070277,15.732762608947615,5.233330371156815,0.0,0.7436387841878996,10.330001702972801
0.788411634193322,74.9524407765348,15.513407542928688,0.0,3.0942509065661694,2.884400920267825
12.486474959175439,4.40748216750986,20.346583605022364,0.0,1.6285143179958657,13.829671686864069
7.305718537667498,163.89496598826764,7.628172653031671,0.0,5.278213548646392,6.047806652999573
9.624182862907244,112.25235135905181,11.836899162356874,0.0,3.13143956013988,11.548713935360212
7.960130765774061,131.73065887706602,9.545936752999195,0.0,6.2746444081290385,4.094651630498069
7.2884542556489444,278.31303538095307,10.080640908336886,0.0,4.895458983389538,7.856831226029998
8.677032492129303,278.31303538095307,11.274627929882232,0.0,5.202911989471166,8.076646076117964
2.4692369286288516,25.252130506659846,17.723556301649758,0.0,1.1093606656545143,10.150936651900281
3.48226010137005,49.81562981734444,15.531561503061644,0.0,2.415209880271874,9.696972831826853
9.751857625061593,194.2107720911851,14.615308594598625,0.0,4.96585318196174,9.47651535706868
3.091007764477569,161.601756741985,14.893317293650782,0.0,3.3459757921150937,8.142616352310812
1.7533638128557385,201.14887894196582,13.439848511542731,0.0,5.303823941006107,5.506690585129702
3.0466451496460225,271.67992233975303,15.367878988801317,0.0,4.857141959825256,8.945986333921288
2.707625816762019,255.92568395531765,14.038733862775729,0.0,5.255392190237474,9.098095680560565
10.242103642000455,158.2628133726359,15.612345840228691,0.0,3.3015327408440043,9.036417080589306
0.1387135728139693,6.498489866255447,5.184341410662801,0.0,0.3141656936469002,18.143089960157845
31.50052353769514,3.5494801785738774,17.395570250501315,0.0,0.3140477849891204,29.984466402289545
0.39646317029861267,67.29667509393485,8.553904582960355,0.0,3.7404445576084178,2.6694023138676184
0.039040285134526675,13.599510966365393,18.069274190145258,0.0,0.9178747496251226,2.3590240779738942
0.27530465508108487,50.0,13.658024948082195,0.0,2.981423969999721,2.0098344224877027
0.01593446059981788,36.513952523497515,12.695018145475503,0.0,2.1228353174715084,2.522149113870388
1.9855535301811742,69.53920389704744,13.304229394998595,0.0,2.2596473883445563,2.069150117287603
12.658746197267359,7.90925196484678,8.018830428331817,0.0,0.3928082306985457,6.3936626266505305
0.03320308658008553,48.596040288606375,18.32024536423604,0.0,4.970913091850046,2.596014592105205
0.3964081073098611,73.67103378797312,10.892261992079186,0.0,3.0673529168792815,2.0509451420619587
0.19257659124438942,102.50370617086723,18.053562389848917,0.0,3.4261011973351216,2.1944087264725654
1.092106494035371,2.777540213771272,17.049924238937546,0.0,0.19815282157758762,2.2730269569528003
0.05028473109261257,30.996538352607345,13.490868373654257,0.0,1.3755476305471952,2.5990574854247885
0.6608962716863782,116.68063434340921,16.131901634806074,0.0,2.0092804301206106,2.229747239880373
0.2598800849530866,129.34630015159996,17.846687407729288,0.0,3.8419075197615498,2.474913536545611
6.990625300627375e-07,0.2503869159628512,1.092387460334309,0.0,0.0193957450037099,7.642634342402075
0.606814482492584,19.88500297274541,10.299606749399151,0.0,1.6622938872137911,13.210516898685091
0.29318307572899677,60.31135378878396,2.6188111953188,0.0,2.159623410153686,15.726537850393218
3.1655215452570564,68.1044244038513,14.865025270165992,0.0,2.613700697199602,6.937780247893832
0.5951072510222778,55.17655059630924,4.388413366820797,0.0,3.2888188144947574,7.974678750990896
1.5647781767267208,130.55851615496545,3.825670396256181,0.0,2.367417581259215,17.166950988905786
13.139687045465774,22.444186598586576,15.085280957864583,0.0,0.5509836117364759,19.621656780757853
14.50563192189847,157.82739507172772,11.859431590774294,0.0,6.46589345037711,11.151166531437523
7.785486515327885,173.77601557719598,11.403507119898098,0.0,4.892576824571968,2.8150800954970827
0.2982553990782339,53.172213411338426,12.949148646970015,0.0,2.8106256702952184,25.374359272906364
17.63848150902559,167.82858760896215,14.63970224237542,0.0,3.2128822425000245,13.870520383263504
0.9351756217542904,90.81616586113532,18.813749526175258,0.0,3.372778598563675,2.252472967832634
0.029223817128043682,9.28618748644778,11.291839044094132,0.0,0.5041825541059893,4.212526402998294
2.368676576517926,163.04676622881584,17.28886236156808,0.0,3.6390987990044446,2.6368906538860726
0.10142152094553966,25.896659837318207,16.506027711430136,0.0,1.686304875637734,2.634409406456206
1.0421037953845889,237.5788947631561,14.818779729460156,0.0,4.607173849184247,2.1567864727742085
0.018878570200789185,41.75669910368896,14.380081553073051,0.0,2.0049949578762103,4.839191901206949
1.3644354740820646,155.54005390688275,10.557891354240468,0.0,4.687475363824484,2.198961564753568
0.30219249729824954,155.54005390688275,15.499280337916773,0.0,3.975714449681051,2.2252538823271055
2.3881765417782237,219.57553918476592,11.236956498960295,0.0,4.344725124507064,2.57438380252431
0.6490708559517147,159.93595710788767,14.266542572803758,0.0,4.387171460798261,2.44766973083081
1.8664346325356205,167.63667985736905,18.359020635799094,0.0,5.446324803742331,3.87545922943213
0.25067666208823436,122.76864335943088,12.318497880050478,0.0,4.8188351808851655,2.3493829102988983
1.1493063460873458,106.19105428682789,15.055664798615693,0.0,2.302377957563712,2.1558386320263114
0.32381812487671624,21.61485967829404,12.267570773261776,0.0,3.311025570716487,2.563430952541637
8.649651118217054,21.36927691331927,9.017056515464896,0.0,0.6813308688424787,5.798961414425777
0.9080693401728965,62.8916491517698,19.176993848648998,0.0,1.3564396912348455,2.6867262102236826
0.42635006091807837,209.45995154680418,17.222115830906855,0.0,5.500550992277715,2.215138043326854
0.6216107666194649,66.04106294900402,15.671244113641484,0.0,2.823351200483402,3.5243376792657157
0.21021350581595902,26.16019219405417,7.428517603967732,0.0,1.3360488027733768,2.010785400848261
526.5432492626614,0.07888870456862836,19.325781050243375,0.0,0.012538044690080378,30.71538983624231
17.407355024604616,222.21491085207663,0.8843793179572415,0.0,4.121671749360576,2.8628225586162763
56.75350783303226,222.21491085207663,7.90314877943842,0.0,3.8210724767746416,22.592364591160354
1.178051340559443,142.01380223540866,15.839591824991125,0.0,3.9369988579446797,3.789548714260737
0.2846046880368208,7.693777923557492,12.955348223508956,0.0,0.2514342950587782,5.321599369263049
14.510240655299327,270.6875549761746,4.104774874932376,0.0,3.817253825095055,4.17747980277242
26.7820538594959,193.3123025702888,2.9919162246680213,0.0,2.8772443334671447,8.498362771988278
12.725847299669134,91.30478155145808,9.983092967209972,0.0,1.332828355792785,26.26269303708993
22.609282526106703,369.18387341169154,10.358990199882383,0.0,5.547061320242491,28.07746807145328
1.221346998940389,205.6471388887057,15.009279555747394,0.0,3.5005262932993033,3.285342094406023
0.12755720008902194,33.13004493164082,16.368098471431544,0.0,2.250720374016152,2.225749816782512
0.0028650061300482953,8.299296375181108,10.943301360009045,0.0,0.48883108714813467,3.187292447098572
0.16131302990055943,3.270676568733613,16.359356492334925,0.0,0.14148206603515304,10.885422696332231
0.3835352702576247,66.98852820829475,17.14194638371672,0.0,2.0412483151731733,6.2062665743032515
0.03696993468362983,18.764634058801107,14.74956566941943,0.0,1.1915930713315057,6.2322402831349555
3.5359048981369625,28.16135180082589,1.4482258830861294,0.0,1.548737884619756,10.282239920320585
0.6900720375022821,5.815588000185704,13.883173151562525,0.0,0.6115096746911879,17.410072008585264
12.74600209632301,8.832482676423952,11.197099794524396,0.0,0.5497585189248413,15.540662417813241
14.247730812606246,107.80543062426297,9.385095087830772,0.0,3.9838520473863395,9.639461297664186
16.40119275945419,87.51985020676194,11.52117868401769,0.0,3.2303266522575456,2.841188065705117
6.548134749066408,212.08975105317643,8.870103124101746,0.0,4.641970177459064,3.34087378197026
5.8352286009927905,152.05038571557782,15.139707944513185,0.0,4.529100232541612,10.222584090167672
8.480166142850512,105.91247831215104,15.39187394791316,0.0,3.5866587054757115,4.14351285166745
3.9915425554804846,185.80244394369976,16.84092867007369,0.0,4.180263215619185,2.8708362556602567
5.634803733359819,211.11924960599822,13.851136111818649,0.0,3.8750841875597053,5.290491595633919
1.6327992471691186,160.90529789381242,15.702958141797213,0.0,2.552709942210167,4.709390131764958
5.215824072965117,152.77132676211022,4.753371378270537,0.0,3.3888331179063966,4.749544653397771
6.99827705990514,229.17381110705028,15.779613163511213,0.0,4.537891018221886,4.6298850715945985
0.463878406362833,117.6983224923701,13.688752733814297,0.0,2.2139513115352183,2.134107429725413
0.7384223008325314,14.666762991233131,6.185098844202954,0.0,0.8711864798935189,2.5142544466655585
0.1261287368260262,13.334175972851916,13.94766065030074,0.0,1.1472410115180611,3.1853552332822788
1.1992436934909725,192.12532043073406,15.006923601760283,0.0,5.836236754031893,2.7486919064095927
0.3871836738560817,79.10384437311306,15.17957343328993,0.0,2.7250053877534035,2.6833056325076248
0.637181292747055,176.4795035324259,15.81086182320647,0.0,5.589830125017807,2.2088339238726347
0.7020775779089221,78.36949403316979,16.2270070923298,0.0,2.6279319324582002,2.9624217441486365
0.721612823132496,77.39616485291093,15.990116229235666,0.0,2.5412425999032604,2.2373543729867715
0.34382617843391083,22.748479447229524,16.779913638979842,0.0,2.985238413263457,2.1406691154876145
0.0029714812818312695,13.703795992220234,14.23103607768466,0.0,0.7869882530085951,5.45399245614145
1.6823204341167504,167.23913682666327,13.543660698071562,0.0,4.288437672984045,2.490882471619957
2.5191340370481994,115.83371936862672,13.480830563774912,0.0,3.9293461643249628,2.3286922611158976
2.5563444043318535,144.81795685042906,11.426528745196068,0.0,3.8498648738705885,2.313808802845664
0.5398575858807382,82.22127301882688,11.070918617420086,0.0,3.2102874474651077,2.1348478554193
0.514937877580316,17.442063999499254,19.084700727115905,0.0,0.8981725718825293,2.7770080549037077
1.6728976299897649,271.69036716075004,15.726531061432862,0.0,4.126224038462693,2.739578728118689
0.21585217564049236,167.52935104972246,16.251040015943115,0.0,5.7012601823786495,2.1117297666738364
5.888856707101283,13.877173610520526,4.92405989915687,0.0,0.42713902433839146,6.132726988322909
0.099172388683981,7.414564054336209,4.468075197578766,0.0,0.5787099227905994,21.51345076024147
4.397247585863468,135.46800253972134,1.9281769296382538,0.0,3.3510266524456336,15.921824707936517
20.04712313799125,214.84659450431457,14.985707492949006,0.0,3.942491911555112,3.585877577934029
14.76075734988876,254.42046250182352,15.867593510958843,0.0,3.8846454525837855,3.1235529867314327
3.4573408046579845,22.105366082882057,18.664664933659687,0.0,1.4346140443344142,2.746675539937671
0.033473454931916356,16.985297997787814,13.85345982476303,0.0,0.9656298379451712,3.533688870037461
1.4661525824205022,151.94132408501258,15.07096631692438,0.0,5.859566820190322,2.498228950591061
3.429161372616093,42.674589018678546,16.911308051209744,0.0,1.8566097360857179,9.545103175011956
3.9399649876030236,86.18420231509243,16.09366983756439,0.0,1.9443334583238148,8.353192722609034
1.49436237537269,162.12018322325335,14.106164356403694,0.0,5.765186687524719,7.5984170997003435
2.8282336054512163,271.1268851071895,15.033560510109488,0.0,4.443565693882483,4.9031415454950835
59.42989675202355,7.145558006960531,11.052393791835012,0.0,0.600259953925479,11.563675676479503
0.13623242726822574,59.33291178572958,15.096018677592436,0.0,3.3586617733988957,2.0297871387505313
0.5564992032879744,18.92851303359089,7.411857332580689,0.0,1.672147401552156,5.557874029390335
2.6905450873882186,59.43837967658146,10.262526945248775,0.0,2.855249577953253,2.060180829349414
1.3009725201354965,102.46086075811897,9.213326761558031,0.0,2.3309971204490196,2.0136391747732194
1.4462694038372546,69.73070501476795,12.91935056092052,0.0,2.055857089195686,2.0240771703933484
3.0049499795812995,52.071908573165146,13.321241550614456,0.0,1.888714027353543,2.715623068159761
0.1974916091085823,40.810656898635536,14.93900992398933,0.0,2.413737274070547,2.5303407410622842
1.6369182638976938,168.22765923088292,10.072228150685138,0.0,4.4111858302811235,2.483280705777763
2.853572594125188,158.33807854677096,13.593118474413913,0.0,2.3393690013256845,2.675552300550101
0.4406945070960785,111.41583534054462,13.712912712514578,0.0,2.248476723538288,2.3436973797266876
0.07884889274777726,42.10356612677371,10.404717877019,0.0,1.9898138027645218,3.8116184865479923
0.9861454636486259,220.70034849305796,18.377076639098345,0.0,5.512866975131678,2.848942698938155
0.2303472576574721,67.479961561801,14.568789123116595,0.0,2.180428941360419,4.361642735122368
1.9459087585123716,103.01515901868464,13.794804680383837,0.0,3.144098558642849,2.4599699125021353
0.21598292967751995,148.92896507547226,16.367501106968064,0.0,4.532934964812924,2.514164349431094
0.32762850368645025,150.88867504495218,14.812424552222408,0.0,4.433799151540818,3.3884429557266755
0.8943135337727488,206.1477653906181,13.6454148501733,0.0,5.142171762860475,2.3925180642567243
0.6976141193905113,138.91120128139275,18.731281802191916,0.0,2.932573349294591,2.4452358401903385
0.013702617100848464,0.3446030056374695,4.138218841701082,0.0,0.05982407148308284,13.889320565317076
4.593343013022073,44.055749042965815,18.404372964420595,0.0,1.7293936865245558,2.202157032713868
14.769416608695536,111.65101418232305,12.630636976065933,0.0,2.756206738450104,3.507705563134785
0.00037626764587770506,50.0,8.215519631694537,0.0,2.981423969999721,3.5814128879458313
0.13950781289558156,47.52556435202436,14.86111359130503,0.0,4.826015908469478,3.720307389768194
1.637080894451129,172.9783710021464,10.69552991049975,0.0,3.7327147066527124,2.186468735421685
1.77641894676032,130.42441524412982,18.54401856932842,0.0,3.976278094027337,3.0168517920666442
0.06500306849087913,50.0,8.836003615971357,0.0,2.9814239699997205,2.412655316892312
0.010983079049725902,14.56771940015128,12.804099080238487,0.0,0.812406918102765,2.762260090944252
0.5611233162847891,111.00901330087716,12.22047701709842,0.0,5.049837861002208,2.377732256265507
0.6322661541521979,124.63651367998895,16.573092075276147,0.0,4.803464509489419,2.2552344135206477
0.5566030165104141,71.16683217368745,14.182884588979075,0.0,2.656594293121853,2.6372716940552094
0.6901175376129253,88.40824231638337,16.96751074955913,0.0,4.060991085430184,2.7001231824928236
0.038983146945349496,17.061424625616667,1.4270862972654677,0.0,1.0773286993562505,9.627011938595386
0.28578499680823694,70.93861549791608,12.857550547226335,0.0,2.605316946926395,2.887906084198549
9.848508494123884,93.465026915174,6.860193089588401,0.0,3.387862363685013,3.3485699809655483
9.461325605255675,21.783536211263907,10.189702535178302,0.0,0.7333714045779829,6.2544019444343135
0.603732410976847,8.801072107535568,14.575496471817647,0.0,0.641998346703898,13.733647600112898
5.4857787401598275,211.5537044276705,7.465646574921328,0.0,4.192208054213129,2.0032585342915437
5.133204600106234,114.46118911369652,11.368344216296926,0.0,3.5305217227955823,2.5798412078476587
10.498829153489506,146.63931003622824,9.873955117157376,0.0,3.685221835441532,3.5990640237466303
0.3883339318461964,60.365263916233054,19.917326025674402,0.0,4.161163000845294,2.3569705642312533
0.01927439757066725,165.64946061142734,17.682448597042317,0.0,4.533496575340328,2.7347294986615687
1.0590114395129238,18.207482451221246,11.472685421356593,0.0,0.9368531236276681,11.532918202498882
8.130381271995674,60.09894031820713,17.50018335613464,0.0,5.498969283198942,23.222582894050575
8.767164234702783,162.08944239124426,6.551055356456679,0.0,3.200546197906495,13.421518652569333
8.017794966706562,186.75670372767698,11.995817953940529,0.0,6.360120699533505,5.912628594289448
7.420758802232295,143.70910248616494,9.124545712840806,0.0,3.462874729908301,3.7526003868483833
3.4760111396781888,103.20463700923447,6.686105877369373,0.0,3.9332562941740172,2.5086189986840512
6.734885177228955,184.32133353849753,12.515758273723366,0.0,4.504089650265068,5.478129436903663
0.3895173807790952,27.94214436120628,10.829725911520718,0.0,1.4612775240381473,17.65667084860269
32.46549377127257,155.2363756329721,15.10428189572665,0.0,4.070210418525738,15.282127392378422
0.02712459525534616,50.0,14.138024157361912,0.0,2.9814239699997205,2.132365467896549
0.0010040327914824822,45.63749138722133,12.255370571383516,0.0,3.261890710517671,2.461302962456145
0.9340193553491984,110.27492255639343,16.193188164126425,0.0,5.552488527060659,2.6639231946887625
0.5261752112905991,30.972763233060377,15.527375682926852,0.0,2.054069385093141,2.1095357794008796
1.1378901345250674,129.20274680528647,16.915130868194797,0.0,2.109390145324649,2.3894915469339013
0.010356951727379613,23.09017389771077,14.539572279855491,0.0,1.104091043760633,2.8205822504761557
1.1664587674048206,207.23701283773298,15.4518547716235,0.0,3.794270297906802,2.0776462361546786
2.104831017398383e-05,12.732415802899277,15.518686231346534,0.0,0.8266381024702882,3.378240684100117
0.022067776477672028,2.585788325361438,5.974766536302991,0.0,0.2292360184925886,7.524787849007451
0.14958699622501428,42.95524693170498,14.297881533517403,0.0,3.2871648321878313,4.133531293250368
1.6328632376257732,110.21667543213651,13.240331876745799,0.0,3.7268398630262984,2.2909013215219005
0.12232626981808281,8.985027802595814,16.116074996120084,0.0,0.30406278566322564,5.0826538053310095
0.16808629948454953,33.93827597987621,17.108258113592754,0.0,1.933966792742889,3.9281376624369795
0.028234506431855332,4.313535191679875,13.467440580865354,0.0,1.240060664141291,4.699042322393407
0.2950168359078336,130.3555775411043,15.383478505243165,0.0,2.6696161142522974,2.7005307721663234
13.417955199743096,42.19673623628522,4.138460730675339,0.0,2.1661389773655637,8.595237991075262
0.19411766281423304,115.9351627190947,13.190921785179427,0.0,4.709997532582265,2.201379243363933
0.008433815951479866,7.127695548510632,4.513551588918292,0.0,2.0476317972202422,6.090622837407924
0.06912877027083171,7.127695548510632,16.67302982612706,0.0,2.0476317972202422,3.6400780889882323
3.217802534140087,27.682023348149755,4.497091977644095,0.0,1.4049371990859019,11.61397962958142
6.656527508190616,84.62873784723745,14.743945676070403,0.0,2.1961259909151782,3.0134174859881524
5.783898592081693,148.74754846091946,13.082834590993361,0.0,4.075387392662995,2.961423252494794
14.387189181163517,197.6693134127043,16.15552140812231,0.0,4.042162491524317,2.842698444053351
1.7388926849918693,23.64070253663573,13.819645588545116,0.0,3.6183246661485935,3.610463925531377
2.993797137855585,3.404324495198141,15.022115285795547,0.0,0.30066825264847447,14.028537176031403
0.2698398218996099,52.381354418887916,3.8967719636654032,0.0,1.77933070791482,6.46241115895224
0.610354993760009,95.30930712095498,6.653469374650599,0.0,5.697894506165425,2.4724492718086797
6.2847907216380525,121.82389020009555,14.546269205168976,0.0,4.2051656566990285,4.424768574805065
4.461788141630187,61.85725085922708,9.736977089679666,0.0,3.4686443544264147,13.221319968985798
11.183588677448803,123.61573115584218,12.923615753485347,0.0,4.210953396940909,4.815453902244118
51.75142934506839,78.80976360150119,15.2140508827709,0.0,3.25849461747048,10.06717935309113
5.138653297069382,164.38347081901054,11.577506953631836,0.0,3.2195084092711723,4.375606891634871
1.0875765265046413,97.40873437208677,15.800404539665747,0.0,3.992900677628009,3.9627400369586456
7.4182047928242065,155.73844565684135,12.018495395464393,0.0,4.5247269874739615,6.071195872940363
0.05206210774529013,2.8188358164343086,13.870686460694888,0.0,0.7903313475112909,3.897714061198119
14.238675416986517,12.934922200621216,15.611176700623204,0.0,2.2952660846106134,9.919268595140075
0.09006116048554866,13.987086095481096,3.2961661629316445,0.0,0.5276854641529761,14.6149103403763
1.716869938562916,8.937096797682603,6.023262269592979,0.0,3.1534609319148084,2.9985801299366615
0.2162840837408374,10.881434820853794,11.730127351438089,0.0,0.7958837448010632,2.2986358578512265
0.4705444967567105,16.359998156104233,15.16711503731942,0.0,1.35419090229512,2.8984486531227494
0.41680483081481334,51.325207506106366,4.243695806205261,0.0,1.3451510099819723,2.106012752910557
0.4643960696688457,37.72230144439594,16.501363055426488,0.0,3.296548310886106,3.5207000207649486
15.342465307447489,8.298310490516567,8.272739934910714,0.0,0.3502266982290451,8.91139682015928
5.438001647082677,232.84290930436927,4.787502146411517,0.0,4.70173353099363,2.01184148777
0.08151662390272875,49.999999999999986,11.013884754863632,0.0,2.981423969999721,2.8353573375495857
0.3580341291132714,7.539918143222124,18.336059330986775,0.0,1.1081237461113902,3.704971599219954
0.01772271734079423,8.622849553687772,14.380939325611743,0.0,0.2112418321050762,8.830567890854633
7.191854182011135,223.23190579074588,17.589749624856935,0.0,4.702206436203961,5.814093936322871
6.903493240952085,350.4679909651072,12.644176848252895,0.0,5.923879008861863,2.415993170300326
1.1535094714773968,80.94170263368436,16.899247387779717,0.0,2.673907524378007,2.795963673464325
0.13051729507496737,9.52392454971475,15.603417333979783,0.0,0.7019644667607446,2.624589347022048
0.6441223877540982,92.78504686542193,18.567043836128896,0.0,4.083534036365066,2.144625395756825
0.29802159295841674,4.348118722995621,14.251069869885615,0.0,0.49167668956271965,7.700043551419805
1.1552264248277964,29.68821604709671,14.843594748526545,0.0,1.7995351255169219,6.53841318982883
0.0549430711954039,49.999999999999986,17.2579662140639,0.0,2.981423969999721,2.0383089066883135
0.0037728778852405853,6.295572506677422,4.680310941122559,0.0,2.075039473126421,18.358365525434266
3.782067208754351,78.55749244653526,6.001365399488075,0.0,3.549020602704155,2.094478121575046
21.633126961318073,155.74800373221174,11.846359701390494,0.0,4.999029616489139,3.3800376489785915
11.650932111085492,305.04503381026404,8.88968843049736,0.0,5.624161421248158,2.6969478192191256
24.39352414155031,168.32746274711008,4.793911915317262,0.0,5.475199233549281,14.551302623495065
6.774918900958251,20.427044961849383,0.272531957220272,0.0,1.7047952141066347,13.477707159717735
18.13698639377724,56.219780142686645,10.880802309933085,0.0,2.5168573012687747,5.133196173307997
0.7199168831560572,117.6437244214114,14.23434569173185,0.0,2.9967160225914085,2.223845994901848
8.382255403673875,101.3234960789638,18.160093380232432,0.0,2.623016456618721,2.7629060986000717
1.875361216061356,168.31468923048502,16.819685094641752,0.0,3.6487120656340077,4.068119662393971
0.02607033196952926,22.10517076577736,16.824820897150055,0.0,6.046754686201475,2.6842911920611874
0.01221129760092489,9.924776843489564,7.314387272346598,0.0,0.5474357842388123,4.237623277871872
0.5228500780027964,11.152031087135638,17.66490169519284,0.0,1.4156700433298726,3.8996974694336726
0.011277591143155324,12.727484709894554,11.612113786910372,0.0,0.7440116011863561,2.0404100891780668
1.468723953865573,40.236417144033,14.9140426276498,0.0,1.4805710772106577,2.550517773020843
0.6036454070450795,6.127392616445244,9.97054202420153,0.0,0.5032496916116255,4.231505055216286
0.28276417155257955,14.020019488453654,10.717510753426781,0.0,0.5781331260309776,2.417697119036733
1.4654054680478694,89.80504406903282,14.852910072382777,0.0,3.151657749426365,3.1670097622752014
1.2844376186928963,52.80263217585871,16.30873824595209,0.0,5.0872223988832905,3.4605533218304365
0.388613472363077,155.1432451788499,15.317226758734389,0.0,3.6731737233139556,3.8239912767366167
2.3453482786271464e-06,25.646201721557322,15.75217694861888,0.0,0.9916756361789537,5.092036535047472
0.6476704276863521,160.55972962526624,14.846032695553825,0.0,3.4387314791547117,3.1930246709269947
1.5486750353778533,124.88676471448488,10.172187275054394,0.0,3.1179409575169763,3.5455237984099943
0.8471625052972311,204.19067183708347,13.388185644393731,0.0,3.8265582674442578,2.0045924188574102
1.058841781669671,161.56854777843847,15.340176434456653,0.0,2.604631646813264,3.7824870033484386
1.6380268053010518,9.785466514920765,9.930550111604619,0.0,0.23596207975639658,4.378471078023794
0.8659538723781496,43.45903649927282,15.804444003869557,0.0,2.5554810049235877,4.3176119807220905
1.4669865266012643,172.35710056213665,15.139345880741956,0.0,3.90641487242369,2.950547558975661
0.44834899326591415,104.6173709559351,15.135892882474195,0.0,2.615566085706766,2.0712849142729057
0.35298814389489813,90.4015773257837,15.31379407489068,0.0,2.471408355524291,2.1194178698325925
2.264748421256243,45.72743026016878,18.376912365146826,0.0,1.6183613095496778,2.2788408508264824
0.5820948540988741,308.0003551336594,15.941902113616328,0.0,6.024847058608933,2.3700293773310435
